,country,date,case,death,population,density,size,ratio,ratio_death,start_date,start_death_date,age,age_death
1512.0,China,2020-01-22,548.0,17.0,1439323.774,153.311826289375,9388211.000000004,0.038073434893461294,0.0011811102065489817,2020-01-30,2020-01-22,-8.0,0.0
1513.0,China,2020-01-23,643.0,18.0,1439323.774,153.311826289375,9388211.000000004,0.044673756635940906,0.0012505872775224513,2020-01-30,2020-01-22,-7.0,1.0
1514.0,China,2020-01-24,920.0,26.0,1439323.774,153.311826289375,9388211.000000004,0.06391890529559195,0.0018064038453102073,2020-01-30,2020-01-22,-6.0,2.0
1515.0,China,2020-01-25,1406.0,42.0,1439323.774,153.311826289375,9388211.000000004,0.09768476178869814,0.0029180369808857196,2020-01-30,2020-01-22,-5.0,3.0
1516.0,China,2020-01-26,2075.0,56.0,1439323.774,153.311826289375,9388211.000000004,0.14416492226994926,0.003890715974514293,2020-01-30,2020-01-22,-4.0,4.0
1517.0,China,2020-01-27,2877.0,82.0,1439323.774,153.311826289375,9388211.000000004,0.19988553319067182,0.0056971198198245004,2020-01-30,2020-01-22,-3.0,5.0
1518.0,China,2020-01-28,5509.0,131.0,1439323.774,153.311826289375,9388211.000000004,0.3827491839928436,0.009101496297524507,2020-01-30,2020-01-22,-2.0,6.0
1519.0,China,2020-01-29,6087.0,133.0,1439323.774,153.311826289375,9388211.000000004,0.4229069310155089,0.009240450439471446,2020-01-30,2020-01-22,-1.0,7.0
1520.0,China,2020-01-30,8141.0,171.0,1439323.774,153.311826289375,9388211.000000004,0.5656128347950153,0.011880579136463287,2020-01-30,2020-01-22,0.0,8.0
1521.0,China,2020-01-31,9802.0,213.0,1439323.774,153.311826289375,9388211.000000004,0.6810142496819482,0.014798616117349008,2020-01-30,2020-01-22,1.0,9.0
1522.0,China,2020-02-01,11891.0,259.0,1439323.774,153.311826289375,9388211.000000004,0.826151850945526,0.017994561382128606,2020-01-30,2020-01-22,2.0,10.0
1523.0,China,2020-02-02,16630.0,361.0,1439323.774,153.311826289375,9388211.000000004,1.155403690288798,0.025081222621422497,2020-01-30,2020-01-22,3.0,11.0
1524.0,China,2020-02-03,19716.0,425.0,1439323.774,153.311826289375,9388211.000000004,1.369809931312925,0.029527755163724547,2020-01-30,2020-01-22,4.0,12.0
1525.0,China,2020-02-04,23707.0,491.0,1439323.774,153.311826289375,9388211.000000004,1.647092921568042,0.034113241847973534,2020-01-30,2020-01-22,5.0,13.0
1526.0,China,2020-02-05,27440.0,563.0,1439323.774,153.311826289375,9388211.000000004,1.9064508275120036,0.039115590958063336,2020-01-30,2020-01-22,6.0,14.0
1527.0,China,2020-02-06,30587.0,633.0,1439323.774,153.311826289375,9388211.000000004,2.125095169865512,0.04397898592620621,2020-01-30,2020-01-22,7.0,15.0
1528.0,China,2020-02-07,34110.0,718.0,1439323.774,153.311826289375,9388211.000000004,2.369862890905045,0.04988453695895111,2020-01-30,2020-01-22,8.0,16.0
1529.0,China,2020-02-08,36814.0,805.0,1439323.774,153.311826289375,9388211.000000004,2.557728890817307,0.05592904213364296,2020-01-30,2020-01-22,9.0,17.0
1530.0,China,2020-02-09,39829.0,905.0,1439323.774,153.311826289375,9388211.000000004,2.767202259802317,0.06287674923098992,2020-01-30,2020-01-22,10.0,18.0
1531.0,China,2020-02-10,42354.0,1012.0,1439323.774,153.311826289375,9388211.000000004,2.9426318640103277,0.07031079582515115,2020-01-30,2020-01-22,11.0,19.0
1532.0,China,2020-02-11,44386.0,1112.0,1439323.774,153.311826289375,9388211.000000004,3.083809272228418,0.07725850292249811,2020-01-30,2020-01-22,12.0,20.0
1533.0,China,2020-02-12,44759.0,1117.0,1439323.774,153.311826289375,9388211.000000004,3.1097242197015222,0.07760588827736546,2020-01-30,2020-01-22,13.0,21.0
1534.0,China,2020-02-13,59895.0,1369.0,1439323.774,153.311826289375,9388211.000000004,4.161329165955957,0.09511411016267977,2020-01-30,2020-01-22,14.0,22.0
1535.0,China,2020-02-14,66358.0,1521.0,1439323.774,153.311826289375,9388211.000000004,4.61035947565749,0.10567462495064714,2020-01-30,2020-01-22,15.0,23.0
1536.0,China,2020-02-15,68413.0,1663.0,1439323.774,153.311826289375,9388211.000000004,4.75313485650797,0.1155403690288798,2020-01-30,2020-01-22,16.0,24.0
1537.0,China,2020-02-16,70513.0,1766.0,1439323.774,153.311826289375,9388211.000000004,4.8990367055522555,0.12269650733914717,2020-01-30,2020-01-22,17.0,25.0
1538.0,China,2020-02-17,72434.0,1864.0,1439323.774,153.311826289375,9388211.000000004,5.0325021588922905,0.12950526029454718,2020-01-30,2020-01-22,18.0,26.0
1539.0,China,2020-02-18,74211.0,2003.0,1439323.774,153.311826289375,9388211.000000004,5.155962914012147,0.13916257315985944,2020-01-30,2020-01-22,19.0,27.0
1540.0,China,2020-02-19,74619.0,2116.0,1439323.774,153.311826289375,9388211.000000004,5.184309558969322,0.1470134821798615,2020-01-30,2020-01-22,20.0,28.0
1541.0,China,2020-02-20,75077.0,2238.0,1439323.774,153.311826289375,9388211.000000004,5.216130057475171,0.15548968483862477,2020-01-30,2020-01-22,21.0,29.0
1542.0,China,2020-02-21,75550.0,2238.0,1439323.774,153.311826289375,9388211.000000004,5.248992712045622,0.15548968483862477,2020-01-30,2020-01-22,22.0,30.0
1543.0,China,2020-02-22,77001.0,2443.0,1439323.774,153.311826289375,9388211.000000004,5.349803942028126,0.16973248438818603,2020-01-30,2020-01-22,23.0,31.0
1544.0,China,2020-02-23,77022.0,2445.0,1439323.774,153.311826289375,9388211.000000004,5.351262960518569,0.16987143853013298,2020-01-30,2020-01-22,24.0,32.0
1545.0,China,2020-02-24,77241.0,2595.0,1439323.774,153.311826289375,9388211.000000004,5.366478439061759,0.1802929991761534,2020-01-30,2020-01-22,25.0,33.0
1546.0,China,2020-02-25,77754.0,2665.0,1439323.774,153.311826289375,9388211.000000004,5.402120176471149,0.18515639414429627,2020-01-30,2020-01-22,26.0,34.0
1547.0,China,2020-02-26,78166.0,2717.0,1439323.774,153.311826289375,9388211.000000004,5.430744729712218,0.1887692018349167,2020-01-30,2020-01-22,27.0,35.0
1548.0,China,2020-02-27,78600.0,2746.0,1439323.774,153.311826289375,9388211.000000004,5.460897778514704,0.1907840368931473,2020-01-30,2020-01-22,28.0,36.0
1549.0,China,2020-02-28,78928.0,2790.0,1439323.774,153.311826289375,9388211.000000004,5.483686257794003,0.19384102801597997,2020-01-30,2020-01-22,29.0,37.0
1550.0,China,2020-02-29,79356.0,2837.0,1439323.774,153.311826289375,9388211.000000004,5.513422444170647,0.19710645035173302,2020-01-30,2020-01-22,30.0,38.0
1551.0,China,2020-03-01,79932.0,2872.0,1439323.774,153.311826289375,9388211.000000004,5.5534412370513655,0.19953814783580445,2020-01-30,2020-01-22,31.0,39.0
1552.0,China,2020-03-02,80136.0,2914.0,1439323.774,153.311826289375,9388211.000000004,5.567614559529954,0.2024561848166902,2020-01-30,2020-01-22,32.0,40.0
1553.0,China,2020-03-03,80261.0,2947.0,1439323.774,153.311826289375,9388211.000000004,5.576299193401637,0.20474892815881468,2020-01-30,2020-01-22,33.0,41.0
1554.0,China,2020-03-04,80386.0,2983.0,1439323.774,153.311826289375,9388211.000000004,5.584983827273321,0.20725010271385957,2020-01-30,2020-01-22,34.0,42.0
1555.0,China,2020-03-05,80537.0,3015.0,1439323.774,153.311826289375,9388211.000000004,5.595474864990314,0.2094733689850106,2020-01-30,2020-01-22,35.0,43.0
1556.0,China,2020-03-06,80690.0,3044.0,1439323.774,153.311826289375,9388211.000000004,5.606104856849256,0.2114882040432412,2020-01-30,2020-01-22,36.0,44.0
1557.0,China,2020-03-07,80770.0,3072.0,1439323.774,153.311826289375,9388211.000000004,5.611663022527133,0.21343356203049837,2020-01-30,2020-01-22,37.0,45.0
1558.0,China,2020-03-08,80823.0,3100.0,1439323.774,153.311826289375,9388211.000000004,5.615345307288727,0.21537892001775552,2020-01-30,2020-01-22,38.0,46.0
1559.0,China,2020-03-09,80860.0,3123.0,1439323.774,153.311826289375,9388211.000000004,5.617915958914745,0.2169768926501453,2020-01-30,2020-01-22,39.0,47.0
1560.0,China,2020-03-10,80887.0,3139.0,1439323.774,153.311826289375,9388211.000000004,5.619791839831029,0.21808852578572083,2020-01-30,2020-01-22,40.0,48.0
1561.0,China,2020-03-11,80921.0,3161.0,1439323.774,153.311826289375,9388211.000000004,5.622154060244127,0.21961702134713715,2020-01-30,2020-01-22,41.0,49.0
1562.0,China,2020-03-12,80932.0,3172.0,1439323.774,153.311826289375,9388211.000000004,5.622918308024835,0.2203812691278453,2020-01-30,2020-01-22,42.0,50.0
1563.0,China,2020-03-13,80945.0,3180.0,1439323.774,153.311826289375,9388211.000000004,5.62382150994749,0.22093708569563306,2020-01-30,2020-01-22,43.0,51.0
1564.0,China,2020-03-14,80977.0,3193.0,1439323.774,153.311826289375,9388211.000000004,5.626044776218641,0.2218402876182882,2020-01-30,2020-01-22,44.0,52.0
1565.0,China,2020-03-15,81003.0,3203.0,1439323.774,153.311826289375,9388211.000000004,5.627851180063952,0.2225350583280229,2020-01-30,2020-01-22,45.0,53.0
2646.0,France,2020-01-22,0.0,0.0,65273.512,119.208615724025,547557.0000000003,0.0,0.0,2020-03-05,2020-03-07,-43.0,-45.0
2647.0,France,2020-01-23,0.0,0.0,65273.512,119.208615724025,547557.0000000003,0.0,0.0,2020-03-05,2020-03-07,-42.0,-44.0
2648.0,France,2020-01-24,2.0,0.0,65273.512,119.208615724025,547557.0000000003,0.003064030015728279,0.0,2020-03-05,2020-03-07,-41.0,-43.0
2649.0,France,2020-01-25,3.0,0.0,65273.512,119.208615724025,547557.0000000003,0.004596045023592418,0.0,2020-03-05,2020-03-07,-40.0,-42.0
2650.0,France,2020-01-26,3.0,0.0,65273.512,119.208615724025,547557.0000000003,0.004596045023592418,0.0,2020-03-05,2020-03-07,-39.0,-41.0
2651.0,France,2020-01-27,3.0,0.0,65273.512,119.208615724025,547557.0000000003,0.004596045023592418,0.0,2020-03-05,2020-03-07,-38.0,-40.0
2652.0,France,2020-01-28,4.0,0.0,65273.512,119.208615724025,547557.0000000003,0.006128060031456558,0.0,2020-03-05,2020-03-07,-37.0,-39.0
2653.0,France,2020-01-29,5.0,0.0,65273.512,119.208615724025,547557.0000000003,0.007660075039320697,0.0,2020-03-05,2020-03-07,-36.0,-38.0
2654.0,France,2020-01-30,5.0,0.0,65273.512,119.208615724025,547557.0000000003,0.007660075039320697,0.0,2020-03-05,2020-03-07,-35.0,-37.0
2655.0,France,2020-01-31,5.0,0.0,65273.512,119.208615724025,547557.0000000003,0.007660075039320697,0.0,2020-03-05,2020-03-07,-34.0,-36.0
2656.0,France,2020-02-01,6.0,0.0,65273.512,119.208615724025,547557.0000000003,0.009192090047184836,0.0,2020-03-05,2020-03-07,-33.0,-35.0
2657.0,France,2020-02-02,6.0,0.0,65273.512,119.208615724025,547557.0000000003,0.009192090047184836,0.0,2020-03-05,2020-03-07,-32.0,-34.0
2658.0,France,2020-02-03,6.0,0.0,65273.512,119.208615724025,547557.0000000003,0.009192090047184836,0.0,2020-03-05,2020-03-07,-31.0,-33.0
2659.0,France,2020-02-04,6.0,0.0,65273.512,119.208615724025,547557.0000000003,0.009192090047184836,0.0,2020-03-05,2020-03-07,-30.0,-32.0
2660.0,France,2020-02-05,6.0,0.0,65273.512,119.208615724025,547557.0000000003,0.009192090047184836,0.0,2020-03-05,2020-03-07,-29.0,-31.0
2661.0,France,2020-02-06,6.0,0.0,65273.512,119.208615724025,547557.0000000003,0.009192090047184836,0.0,2020-03-05,2020-03-07,-28.0,-30.0
2662.0,France,2020-02-07,6.0,0.0,65273.512,119.208615724025,547557.0000000003,0.009192090047184836,0.0,2020-03-05,2020-03-07,-27.0,-29.0
2663.0,France,2020-02-08,11.0,0.0,65273.512,119.208615724025,547557.0000000003,0.016852165086505534,0.0,2020-03-05,2020-03-07,-26.0,-28.0
2664.0,France,2020-02-09,11.0,0.0,65273.512,119.208615724025,547557.0000000003,0.016852165086505534,0.0,2020-03-05,2020-03-07,-25.0,-27.0
2665.0,France,2020-02-10,11.0,0.0,65273.512,119.208615724025,547557.0000000003,0.016852165086505534,0.0,2020-03-05,2020-03-07,-24.0,-26.0
2666.0,France,2020-02-11,11.0,0.0,65273.512,119.208615724025,547557.0000000003,0.016852165086505534,0.0,2020-03-05,2020-03-07,-23.0,-25.0
2667.0,France,2020-02-12,11.0,0.0,65273.512,119.208615724025,547557.0000000003,0.016852165086505534,0.0,2020-03-05,2020-03-07,-22.0,-24.0
2668.0,France,2020-02-13,11.0,0.0,65273.512,119.208615724025,547557.0000000003,0.016852165086505534,0.0,2020-03-05,2020-03-07,-21.0,-23.0
2669.0,France,2020-02-14,11.0,0.0,65273.512,119.208615724025,547557.0000000003,0.016852165086505534,0.0,2020-03-05,2020-03-07,-20.0,-22.0
2670.0,France,2020-02-15,12.0,1.0,65273.512,119.208615724025,547557.0000000003,0.018384180094369672,0.0015320150078641395,2020-03-05,2020-03-07,-19.0,-21.0
2671.0,France,2020-02-16,12.0,1.0,65273.512,119.208615724025,547557.0000000003,0.018384180094369672,0.0015320150078641395,2020-03-05,2020-03-07,-18.0,-20.0
2672.0,France,2020-02-17,12.0,1.0,65273.512,119.208615724025,547557.0000000003,0.018384180094369672,0.0015320150078641395,2020-03-05,2020-03-07,-17.0,-19.0
2673.0,France,2020-02-18,12.0,1.0,65273.512,119.208615724025,547557.0000000003,0.018384180094369672,0.0015320150078641395,2020-03-05,2020-03-07,-16.0,-18.0
2674.0,France,2020-02-19,12.0,1.0,65273.512,119.208615724025,547557.0000000003,0.018384180094369672,0.0015320150078641395,2020-03-05,2020-03-07,-15.0,-17.0
2675.0,France,2020-02-20,12.0,1.0,65273.512,119.208615724025,547557.0000000003,0.018384180094369672,0.0015320150078641395,2020-03-05,2020-03-07,-14.0,-16.0
2676.0,France,2020-02-21,12.0,1.0,65273.512,119.208615724025,547557.0000000003,0.018384180094369672,0.0015320150078641395,2020-03-05,2020-03-07,-13.0,-15.0
2677.0,France,2020-02-22,12.0,1.0,65273.512,119.208615724025,547557.0000000003,0.018384180094369672,0.0015320150078641395,2020-03-05,2020-03-07,-12.0,-14.0
2678.0,France,2020-02-23,12.0,1.0,65273.512,119.208615724025,547557.0000000003,0.018384180094369672,0.0015320150078641395,2020-03-05,2020-03-07,-11.0,-13.0
2679.0,France,2020-02-24,12.0,1.0,65273.512,119.208615724025,547557.0000000003,0.018384180094369672,0.0015320150078641395,2020-03-05,2020-03-07,-10.0,-12.0
2680.0,France,2020-02-25,14.0,1.0,65273.512,119.208615724025,547557.0000000003,0.02144821011009795,0.0015320150078641395,2020-03-05,2020-03-07,-9.0,-11.0
2681.0,France,2020-02-26,18.0,2.0,65273.512,119.208615724025,547557.0000000003,0.027576270141554508,0.003064030015728279,2020-03-05,2020-03-07,-8.0,-10.0
2682.0,France,2020-02-27,38.0,2.0,65273.512,119.208615724025,547557.0000000003,0.0582165702988373,0.003064030015728279,2020-03-05,2020-03-07,-7.0,-9.0
2683.0,France,2020-02-28,57.0,2.0,65273.512,119.208615724025,547557.0000000003,0.08732485544825594,0.003064030015728279,2020-03-05,2020-03-07,-6.0,-8.0
2684.0,France,2020-02-29,100.0,2.0,65273.512,119.208615724025,547557.0000000003,0.15320150078641392,0.003064030015728279,2020-03-05,2020-03-07,-5.0,-7.0
2685.0,France,2020-03-01,130.0,2.0,65273.512,119.208615724025,547557.0000000003,0.19916195102233814,0.003064030015728279,2020-03-05,2020-03-07,-4.0,-6.0
2686.0,France,2020-03-02,191.0,3.0,65273.512,119.208615724025,547557.0000000003,0.2926148665020506,0.004596045023592418,2020-03-05,2020-03-07,-3.0,-5.0
2687.0,France,2020-03-03,204.0,4.0,65273.512,119.208615724025,547557.0000000003,0.31253106160428445,0.006128060031456558,2020-03-05,2020-03-07,-2.0,-4.0
2688.0,France,2020-03-04,288.0,4.0,65273.512,119.208615724025,547557.0000000003,0.4412203222648721,0.006128060031456558,2020-03-05,2020-03-07,-1.0,-3.0
2689.0,France,2020-03-05,380.0,6.0,65273.512,119.208615724025,547557.0000000003,0.5821657029883729,0.009192090047184836,2020-03-05,2020-03-07,0.0,-2.0
2690.0,France,2020-03-06,656.0,9.0,65273.512,119.208615724025,547557.0000000003,1.0050018451588756,0.013788135070777254,2020-03-05,2020-03-07,1.0,-1.0
2691.0,France,2020-03-07,957.0,11.0,65273.512,119.208615724025,547557.0000000003,1.4661383625259814,0.016852165086505534,2020-03-05,2020-03-07,2.0,0.0
2692.0,France,2020-03-08,1134.0,19.0,65273.512,119.208615724025,547557.0000000003,1.737305018917934,0.02910828514941865,2020-03-05,2020-03-07,3.0,1.0
2693.0,France,2020-03-09,1217.0,19.0,65273.512,119.208615724025,547557.0000000003,1.8644622645706574,0.02910828514941865,2020-03-05,2020-03-07,4.0,2.0
2694.0,France,2020-03-10,1792.0,33.0,65273.512,119.208615724025,547557.0000000003,2.7453708940925377,0.050556495259516596,2020-03-05,2020-03-07,5.0,3.0
2695.0,France,2020-03-11,2289.0,48.0,65273.512,119.208615724025,547557.0000000003,3.5067823530010154,0.07353672037747869,2020-03-05,2020-03-07,6.0,4.0
2696.0,France,2020-03-12,2289.0,48.0,65273.512,119.208615724025,547557.0000000003,3.5067823530010154,0.07353672037747869,2020-03-05,2020-03-07,7.0,5.0
2697.0,France,2020-03-13,3672.0,79.0,65273.512,119.208615724025,547557.0000000003,5.62555910887712,0.12102918562126701,2020-03-05,2020-03-07,8.0,6.0
2698.0,France,2020-03-14,4480.0,91.0,65273.512,119.208615724025,547557.0000000003,6.8634272352313435,0.13941336571563667,2020-03-05,2020-03-07,9.0,7.0
2699.0,France,2020-03-15,4513.0,91.0,65273.512,119.208615724025,547557.0000000003,6.913983730490861,0.13941336571563667,2020-03-05,2020-03-07,10.0,8.0
2808.0,Germany,2020-01-22,0.0,0.0,83783.945,240.371657677301,348559.9999999999,0.0,0.0,2020-03-05,2020-03-15,-43.0,-53.0
2809.0,Germany,2020-01-23,0.0,0.0,83783.945,240.371657677301,348559.9999999999,0.0,0.0,2020-03-05,2020-03-15,-42.0,-52.0
2810.0,Germany,2020-01-24,0.0,0.0,83783.945,240.371657677301,348559.9999999999,0.0,0.0,2020-03-05,2020-03-15,-41.0,-51.0
2811.0,Germany,2020-01-25,0.0,0.0,83783.945,240.371657677301,348559.9999999999,0.0,0.0,2020-03-05,2020-03-15,-40.0,-50.0
2812.0,Germany,2020-01-26,0.0,0.0,83783.945,240.371657677301,348559.9999999999,0.0,0.0,2020-03-05,2020-03-15,-39.0,-49.0
2813.0,Germany,2020-01-27,1.0,0.0,83783.945,240.371657677301,348559.9999999999,0.0011935460904830871,0.0,2020-03-05,2020-03-15,-38.0,-48.0
2814.0,Germany,2020-01-28,4.0,0.0,83783.945,240.371657677301,348559.9999999999,0.004774184361932349,0.0,2020-03-05,2020-03-15,-37.0,-47.0
2815.0,Germany,2020-01-29,4.0,0.0,83783.945,240.371657677301,348559.9999999999,0.004774184361932349,0.0,2020-03-05,2020-03-15,-36.0,-46.0
2816.0,Germany,2020-01-30,4.0,0.0,83783.945,240.371657677301,348559.9999999999,0.004774184361932349,0.0,2020-03-05,2020-03-15,-35.0,-45.0
2817.0,Germany,2020-01-31,5.0,0.0,83783.945,240.371657677301,348559.9999999999,0.005967730452415435,0.0,2020-03-05,2020-03-15,-34.0,-44.0
2818.0,Germany,2020-02-01,8.0,0.0,83783.945,240.371657677301,348559.9999999999,0.009548368723864697,0.0,2020-03-05,2020-03-15,-33.0,-43.0
2819.0,Germany,2020-02-02,10.0,0.0,83783.945,240.371657677301,348559.9999999999,0.01193546090483087,0.0,2020-03-05,2020-03-15,-32.0,-42.0
2820.0,Germany,2020-02-03,12.0,0.0,83783.945,240.371657677301,348559.9999999999,0.014322553085797045,0.0,2020-03-05,2020-03-15,-31.0,-41.0
2821.0,Germany,2020-02-04,12.0,0.0,83783.945,240.371657677301,348559.9999999999,0.014322553085797045,0.0,2020-03-05,2020-03-15,-30.0,-40.0
2822.0,Germany,2020-02-05,12.0,0.0,83783.945,240.371657677301,348559.9999999999,0.014322553085797045,0.0,2020-03-05,2020-03-15,-29.0,-39.0
2823.0,Germany,2020-02-06,12.0,0.0,83783.945,240.371657677301,348559.9999999999,0.014322553085797045,0.0,2020-03-05,2020-03-15,-28.0,-38.0
2824.0,Germany,2020-02-07,13.0,0.0,83783.945,240.371657677301,348559.9999999999,0.015516099176280133,0.0,2020-03-05,2020-03-15,-27.0,-37.0
2825.0,Germany,2020-02-08,13.0,0.0,83783.945,240.371657677301,348559.9999999999,0.015516099176280133,0.0,2020-03-05,2020-03-15,-26.0,-36.0
2826.0,Germany,2020-02-09,14.0,0.0,83783.945,240.371657677301,348559.9999999999,0.016709645266763218,0.0,2020-03-05,2020-03-15,-25.0,-35.0
2827.0,Germany,2020-02-10,14.0,0.0,83783.945,240.371657677301,348559.9999999999,0.016709645266763218,0.0,2020-03-05,2020-03-15,-24.0,-34.0
2828.0,Germany,2020-02-11,16.0,0.0,83783.945,240.371657677301,348559.9999999999,0.019096737447729394,0.0,2020-03-05,2020-03-15,-23.0,-33.0
2829.0,Germany,2020-02-12,16.0,0.0,83783.945,240.371657677301,348559.9999999999,0.019096737447729394,0.0,2020-03-05,2020-03-15,-22.0,-32.0
2830.0,Germany,2020-02-13,16.0,0.0,83783.945,240.371657677301,348559.9999999999,0.019096737447729394,0.0,2020-03-05,2020-03-15,-21.0,-31.0
2831.0,Germany,2020-02-14,16.0,0.0,83783.945,240.371657677301,348559.9999999999,0.019096737447729394,0.0,2020-03-05,2020-03-15,-20.0,-30.0
2832.0,Germany,2020-02-15,16.0,0.0,83783.945,240.371657677301,348559.9999999999,0.019096737447729394,0.0,2020-03-05,2020-03-15,-19.0,-29.0
2833.0,Germany,2020-02-16,16.0,0.0,83783.945,240.371657677301,348559.9999999999,0.019096737447729394,0.0,2020-03-05,2020-03-15,-18.0,-28.0
2834.0,Germany,2020-02-17,16.0,0.0,83783.945,240.371657677301,348559.9999999999,0.019096737447729394,0.0,2020-03-05,2020-03-15,-17.0,-27.0
2835.0,Germany,2020-02-18,16.0,0.0,83783.945,240.371657677301,348559.9999999999,0.019096737447729394,0.0,2020-03-05,2020-03-15,-16.0,-26.0
2836.0,Germany,2020-02-19,16.0,0.0,83783.945,240.371657677301,348559.9999999999,0.019096737447729394,0.0,2020-03-05,2020-03-15,-15.0,-25.0
2837.0,Germany,2020-02-20,16.0,0.0,83783.945,240.371657677301,348559.9999999999,0.019096737447729394,0.0,2020-03-05,2020-03-15,-14.0,-24.0
2838.0,Germany,2020-02-21,16.0,0.0,83783.945,240.371657677301,348559.9999999999,0.019096737447729394,0.0,2020-03-05,2020-03-15,-13.0,-23.0
2839.0,Germany,2020-02-22,16.0,0.0,83783.945,240.371657677301,348559.9999999999,0.019096737447729394,0.0,2020-03-05,2020-03-15,-12.0,-22.0
2840.0,Germany,2020-02-23,16.0,0.0,83783.945,240.371657677301,348559.9999999999,0.019096737447729394,0.0,2020-03-05,2020-03-15,-11.0,-21.0
2841.0,Germany,2020-02-24,16.0,0.0,83783.945,240.371657677301,348559.9999999999,0.019096737447729394,0.0,2020-03-05,2020-03-15,-10.0,-20.0
2842.0,Germany,2020-02-25,17.0,0.0,83783.945,240.371657677301,348559.9999999999,0.02029028353821248,0.0,2020-03-05,2020-03-15,-9.0,-19.0
2843.0,Germany,2020-02-26,27.0,0.0,83783.945,240.371657677301,348559.9999999999,0.03222574444304335,0.0,2020-03-05,2020-03-15,-8.0,-18.0
2844.0,Germany,2020-02-27,46.0,0.0,83783.945,240.371657677301,348559.9999999999,0.054903120162222006,0.0,2020-03-05,2020-03-15,-7.0,-17.0
2845.0,Germany,2020-02-28,48.0,0.0,83783.945,240.371657677301,348559.9999999999,0.05729021234318818,0.0,2020-03-05,2020-03-15,-6.0,-16.0
2846.0,Germany,2020-02-29,79.0,0.0,83783.945,240.371657677301,348559.9999999999,0.09429014114816388,0.0,2020-03-05,2020-03-15,-5.0,-15.0
2847.0,Germany,2020-03-01,130.0,0.0,83783.945,240.371657677301,348559.9999999999,0.15516099176280132,0.0,2020-03-05,2020-03-15,-4.0,-14.0
2848.0,Germany,2020-03-02,159.0,0.0,83783.945,240.371657677301,348559.9999999999,0.18977382838681084,0.0,2020-03-05,2020-03-15,-3.0,-13.0
2849.0,Germany,2020-03-03,196.0,0.0,83783.945,240.371657677301,348559.9999999999,0.23393503373468505,0.0,2020-03-05,2020-03-15,-2.0,-12.0
2850.0,Germany,2020-03-04,262.0,0.0,83783.945,240.371657677301,348559.9999999999,0.3127090757065688,0.0,2020-03-05,2020-03-15,-1.0,-11.0
2851.0,Germany,2020-03-05,482.0,0.0,83783.945,240.371657677301,348559.9999999999,0.575289215612848,0.0,2020-03-05,2020-03-15,0.0,-10.0
2852.0,Germany,2020-03-06,670.0,0.0,83783.945,240.371657677301,348559.9999999999,0.7996758806236683,0.0,2020-03-05,2020-03-15,1.0,-9.0
2853.0,Germany,2020-03-07,799.0,0.0,83783.945,240.371657677301,348559.9999999999,0.9536433262959866,0.0,2020-03-05,2020-03-15,2.0,-8.0
2854.0,Germany,2020-03-08,1040.0,0.0,83783.945,240.371657677301,348559.9999999999,1.2412879341024106,0.0,2020-03-05,2020-03-15,3.0,-7.0
2855.0,Germany,2020-03-09,1176.0,2.0,83783.945,240.371657677301,348559.9999999999,1.4036102024081103,0.0023870921809661743,2020-03-05,2020-03-15,4.0,-6.0
2856.0,Germany,2020-03-10,1457.0,2.0,83783.945,240.371657677301,348559.9999999999,1.738996653833858,0.0023870921809661743,2020-03-05,2020-03-15,5.0,-5.0
2857.0,Germany,2020-03-11,1908.0,3.0,83783.945,240.371657677301,348559.9999999999,2.2772859406417303,0.003580638271449261,2020-03-05,2020-03-15,6.0,-4.0
2858.0,Germany,2020-03-12,2078.0,3.0,83783.945,240.371657677301,348559.9999999999,2.480188776023855,0.003580638271449261,2020-03-05,2020-03-15,7.0,-3.0
2859.0,Germany,2020-03-13,3675.0,7.0,83783.945,240.371657677301,348559.9999999999,4.386281882525346,0.008354822633381609,2020-03-05,2020-03-15,8.0,-2.0
2860.0,Germany,2020-03-14,4585.0,9.0,83783.945,240.371657677301,348559.9999999999,5.472408824864954,0.010741914814347784,2020-03-05,2020-03-15,9.0,-1.0
2861.0,Germany,2020-03-15,5795.0,11.0,83783.945,240.371657677301,348559.9999999999,6.91659959434949,0.013129006995313958,2020-03-05,2020-03-15,10.0,0.0
3564.0,Iran,2020-01-22,0.0,0.0,83992.953,51.5752988855117,1628549.9999999984,0.0,0.0,2020-02-29,2020-02-24,-38.0,-33.0
3565.0,Iran,2020-01-23,0.0,0.0,83992.953,51.5752988855117,1628549.9999999984,0.0,0.0,2020-02-29,2020-02-24,-37.0,-32.0
3566.0,Iran,2020-01-24,0.0,0.0,83992.953,51.5752988855117,1628549.9999999984,0.0,0.0,2020-02-29,2020-02-24,-36.0,-31.0
3567.0,Iran,2020-01-25,0.0,0.0,83992.953,51.5752988855117,1628549.9999999984,0.0,0.0,2020-02-29,2020-02-24,-35.0,-30.0
3568.0,Iran,2020-01-26,0.0,0.0,83992.953,51.5752988855117,1628549.9999999984,0.0,0.0,2020-02-29,2020-02-24,-34.0,-29.0
3569.0,Iran,2020-01-27,0.0,0.0,83992.953,51.5752988855117,1628549.9999999984,0.0,0.0,2020-02-29,2020-02-24,-33.0,-28.0
3570.0,Iran,2020-01-28,0.0,0.0,83992.953,51.5752988855117,1628549.9999999984,0.0,0.0,2020-02-29,2020-02-24,-32.0,-27.0
3571.0,Iran,2020-01-29,0.0,0.0,83992.953,51.5752988855117,1628549.9999999984,0.0,0.0,2020-02-29,2020-02-24,-31.0,-26.0
3572.0,Iran,2020-01-30,0.0,0.0,83992.953,51.5752988855117,1628549.9999999984,0.0,0.0,2020-02-29,2020-02-24,-30.0,-25.0
3573.0,Iran,2020-01-31,0.0,0.0,83992.953,51.5752988855117,1628549.9999999984,0.0,0.0,2020-02-29,2020-02-24,-29.0,-24.0
3574.0,Iran,2020-02-01,0.0,0.0,83992.953,51.5752988855117,1628549.9999999984,0.0,0.0,2020-02-29,2020-02-24,-28.0,-23.0
3575.0,Iran,2020-02-02,0.0,0.0,83992.953,51.5752988855117,1628549.9999999984,0.0,0.0,2020-02-29,2020-02-24,-27.0,-22.0
3576.0,Iran,2020-02-03,0.0,0.0,83992.953,51.5752988855117,1628549.9999999984,0.0,0.0,2020-02-29,2020-02-24,-26.0,-21.0
3577.0,Iran,2020-02-04,0.0,0.0,83992.953,51.5752988855117,1628549.9999999984,0.0,0.0,2020-02-29,2020-02-24,-25.0,-20.0
3578.0,Iran,2020-02-05,0.0,0.0,83992.953,51.5752988855117,1628549.9999999984,0.0,0.0,2020-02-29,2020-02-24,-24.0,-19.0
3579.0,Iran,2020-02-06,0.0,0.0,83992.953,51.5752988855117,1628549.9999999984,0.0,0.0,2020-02-29,2020-02-24,-23.0,-18.0
3580.0,Iran,2020-02-07,0.0,0.0,83992.953,51.5752988855117,1628549.9999999984,0.0,0.0,2020-02-29,2020-02-24,-22.0,-17.0
3581.0,Iran,2020-02-08,0.0,0.0,83992.953,51.5752988855117,1628549.9999999984,0.0,0.0,2020-02-29,2020-02-24,-21.0,-16.0
3582.0,Iran,2020-02-09,0.0,0.0,83992.953,51.5752988855117,1628549.9999999984,0.0,0.0,2020-02-29,2020-02-24,-20.0,-15.0
3583.0,Iran,2020-02-10,0.0,0.0,83992.953,51.5752988855117,1628549.9999999984,0.0,0.0,2020-02-29,2020-02-24,-19.0,-14.0
3584.0,Iran,2020-02-11,0.0,0.0,83992.953,51.5752988855117,1628549.9999999984,0.0,0.0,2020-02-29,2020-02-24,-18.0,-13.0
3585.0,Iran,2020-02-12,0.0,0.0,83992.953,51.5752988855117,1628549.9999999984,0.0,0.0,2020-02-29,2020-02-24,-17.0,-12.0
3586.0,Iran,2020-02-13,0.0,0.0,83992.953,51.5752988855117,1628549.9999999984,0.0,0.0,2020-02-29,2020-02-24,-16.0,-11.0
3587.0,Iran,2020-02-14,0.0,0.0,83992.953,51.5752988855117,1628549.9999999984,0.0,0.0,2020-02-29,2020-02-24,-15.0,-10.0
3588.0,Iran,2020-02-15,0.0,0.0,83992.953,51.5752988855117,1628549.9999999984,0.0,0.0,2020-02-29,2020-02-24,-14.0,-9.0
3589.0,Iran,2020-02-16,0.0,0.0,83992.953,51.5752988855117,1628549.9999999984,0.0,0.0,2020-02-29,2020-02-24,-13.0,-8.0
3590.0,Iran,2020-02-17,0.0,0.0,83992.953,51.5752988855117,1628549.9999999984,0.0,0.0,2020-02-29,2020-02-24,-12.0,-7.0
3591.0,Iran,2020-02-18,0.0,0.0,83992.953,51.5752988855117,1628549.9999999984,0.0,0.0,2020-02-29,2020-02-24,-11.0,-6.0
3592.0,Iran,2020-02-19,2.0,2.0,83992.953,51.5752988855117,1628549.9999999984,0.0023811521426089165,0.0023811521426089165,2020-02-29,2020-02-24,-10.0,-5.0
3593.0,Iran,2020-02-20,5.0,2.0,83992.953,51.5752988855117,1628549.9999999984,0.005952880356522291,0.0023811521426089165,2020-02-29,2020-02-24,-9.0,-4.0
3594.0,Iran,2020-02-21,18.0,4.0,83992.953,51.5752988855117,1628549.9999999984,0.021430369283480247,0.004762304285217833,2020-02-29,2020-02-24,-8.0,-3.0
3595.0,Iran,2020-02-22,28.0,5.0,83992.953,51.5752988855117,1628549.9999999984,0.03333612999652483,0.005952880356522291,2020-02-29,2020-02-24,-7.0,-2.0
3596.0,Iran,2020-02-23,43.0,8.0,83992.953,51.5752988855117,1628549.9999999984,0.05119477106609171,0.009524608570435666,2020-02-29,2020-02-24,-6.0,-1.0
3597.0,Iran,2020-02-24,61.0,12.0,83992.953,51.5752988855117,1628549.9999999984,0.07262514034957195,0.0142869128556535,2020-02-29,2020-02-24,-5.0,0.0
3598.0,Iran,2020-02-25,95.0,16.0,83992.953,51.5752988855117,1628549.9999999984,0.11310472677392354,0.019049217140871332,2020-02-29,2020-02-24,-4.0,1.0
3599.0,Iran,2020-02-26,139.0,19.0,83992.953,51.5752988855117,1628549.9999999984,0.16549007391131967,0.022620945354784705,2020-02-29,2020-02-24,-3.0,2.0
3600.0,Iran,2020-02-27,245.0,26.0,83992.953,51.5752988855117,1628549.9999999984,0.29169113746959224,0.030954977853915915,2020-02-29,2020-02-24,-2.0,3.0
3601.0,Iran,2020-02-28,388.0,34.0,83992.953,51.5752988855117,1628549.9999999984,0.46194351566612973,0.04047958642435158,2020-02-29,2020-02-24,-1.0,4.0
3602.0,Iran,2020-02-29,593.0,43.0,83992.953,51.5752988855117,1628549.9999999984,0.7060116102835438,0.05119477106609171,2020-02-29,2020-02-24,0.0,5.0
3603.0,Iran,2020-03-01,978.0,54.0,83992.953,51.5752988855117,1628549.9999999984,1.1643833977357603,0.06429110785044075,2020-02-29,2020-02-24,1.0,6.0
3604.0,Iran,2020-03-02,1501.0,66.0,83992.953,51.5752988855117,1628549.9999999984,1.7870546830279919,0.07857802070609424,2020-02-29,2020-02-24,2.0,7.0
3605.0,Iran,2020-03-03,2336.0,77.0,83992.953,51.5752988855117,1628549.9999999984,2.7811857025672144,0.09167435749044328,2020-02-29,2020-02-24,3.0,8.0
3606.0,Iran,2020-03-04,2922.0,92.0,83992.953,51.5752988855117,1628549.9999999984,3.478863280351627,0.10953299856001014,2020-02-29,2020-02-24,4.0,9.0
3607.0,Iran,2020-03-05,3513.0,107.0,83992.953,51.5752988855117,1628549.9999999984,4.182493738492562,0.12739163962957703,2020-02-29,2020-02-24,5.0,10.0
3608.0,Iran,2020-03-06,4747.0,124.0,83992.953,51.5752988855117,1628549.9999999984,5.651664610482263,0.1476314328417528,2020-02-29,2020-02-24,6.0,11.0
3609.0,Iran,2020-03-07,5823.0,145.0,83992.953,51.5752988855117,1628549.9999999984,6.93272446320586,0.17263353033914644,2020-02-29,2020-02-24,7.0,12.0
3610.0,Iran,2020-03-08,6566.0,194.0,83992.953,51.5752988855117,1628549.9999999984,7.817322484185072,0.23097175783306487,2020-02-29,2020-02-24,8.0,13.0
3611.0,Iran,2020-03-09,7161.0,237.0,83992.953,51.5752988855117,1628549.9999999984,8.525715246611226,0.2821665288991566,2020-02-29,2020-02-24,9.0,14.0
3612.0,Iran,2020-03-10,8042.0,291.0,83992.953,51.5752988855117,1628549.9999999984,9.574612765430453,0.34645763674959734,2020-02-29,2020-02-24,10.0,15.0
3613.0,Iran,2020-03-11,9000.0,354.0,83992.953,51.5752988855117,1628549.9999999984,10.715184641740123,0.42146392924177817,2020-02-29,2020-02-24,11.0,16.0
3614.0,Iran,2020-03-12,10075.0,429.0,83992.953,51.5752988855117,1628549.9999999984,11.995053918392417,0.5107571345896126,2020-02-29,2020-02-24,12.0,17.0
3615.0,Iran,2020-03-13,11364.0,514.0,83992.953,51.5752988855117,1628549.9999999984,13.529706474303863,0.6119561006504916,2020-02-29,2020-02-24,13.0,18.0
3616.0,Iran,2020-03-14,12729.0,611.0,83992.953,51.5752988855117,1628549.9999999984,15.154842811634447,0.7274419795670239,2020-02-29,2020-02-24,14.0,19.0
3617.0,Iran,2020-03-15,13938.0,724.0,83992.953,51.5752988855117,1628549.9999999984,16.594249281841538,0.8619770756244278,2020-02-29,2020-02-24,15.0,20.0
3780.0,Italy,2020-01-22,0.0,0.0,60461.828,205.554593050928,294140.00000000023,0.0,0.0,2020-02-25,2020-02-26,-34.0,-35.0
3781.0,Italy,2020-01-23,0.0,0.0,60461.828,205.554593050928,294140.00000000023,0.0,0.0,2020-02-25,2020-02-26,-33.0,-34.0
3782.0,Italy,2020-01-24,0.0,0.0,60461.828,205.554593050928,294140.00000000023,0.0,0.0,2020-02-25,2020-02-26,-32.0,-33.0
3783.0,Italy,2020-01-25,0.0,0.0,60461.828,205.554593050928,294140.00000000023,0.0,0.0,2020-02-25,2020-02-26,-31.0,-32.0
3784.0,Italy,2020-01-26,0.0,0.0,60461.828,205.554593050928,294140.00000000023,0.0,0.0,2020-02-25,2020-02-26,-30.0,-31.0
3785.0,Italy,2020-01-27,0.0,0.0,60461.828,205.554593050928,294140.00000000023,0.0,0.0,2020-02-25,2020-02-26,-29.0,-30.0
3786.0,Italy,2020-01-28,0.0,0.0,60461.828,205.554593050928,294140.00000000023,0.0,0.0,2020-02-25,2020-02-26,-28.0,-29.0
3787.0,Italy,2020-01-29,0.0,0.0,60461.828,205.554593050928,294140.00000000023,0.0,0.0,2020-02-25,2020-02-26,-27.0,-28.0
3788.0,Italy,2020-01-30,0.0,0.0,60461.828,205.554593050928,294140.00000000023,0.0,0.0,2020-02-25,2020-02-26,-26.0,-27.0
3789.0,Italy,2020-01-31,2.0,0.0,60461.828,205.554593050928,294140.00000000023,0.0033078721999606096,0.0,2020-02-25,2020-02-26,-25.0,-26.0
3790.0,Italy,2020-02-01,2.0,0.0,60461.828,205.554593050928,294140.00000000023,0.0033078721999606096,0.0,2020-02-25,2020-02-26,-24.0,-25.0
3791.0,Italy,2020-02-02,2.0,0.0,60461.828,205.554593050928,294140.00000000023,0.0033078721999606096,0.0,2020-02-25,2020-02-26,-23.0,-24.0
3792.0,Italy,2020-02-03,2.0,0.0,60461.828,205.554593050928,294140.00000000023,0.0033078721999606096,0.0,2020-02-25,2020-02-26,-22.0,-23.0
3793.0,Italy,2020-02-04,2.0,0.0,60461.828,205.554593050928,294140.00000000023,0.0033078721999606096,0.0,2020-02-25,2020-02-26,-21.0,-22.0
3794.0,Italy,2020-02-05,2.0,0.0,60461.828,205.554593050928,294140.00000000023,0.0033078721999606096,0.0,2020-02-25,2020-02-26,-20.0,-21.0
3795.0,Italy,2020-02-06,2.0,0.0,60461.828,205.554593050928,294140.00000000023,0.0033078721999606096,0.0,2020-02-25,2020-02-26,-19.0,-20.0
3796.0,Italy,2020-02-07,3.0,0.0,60461.828,205.554593050928,294140.00000000023,0.004961808299940915,0.0,2020-02-25,2020-02-26,-18.0,-19.0
3797.0,Italy,2020-02-08,3.0,0.0,60461.828,205.554593050928,294140.00000000023,0.004961808299940915,0.0,2020-02-25,2020-02-26,-17.0,-18.0
3798.0,Italy,2020-02-09,3.0,0.0,60461.828,205.554593050928,294140.00000000023,0.004961808299940915,0.0,2020-02-25,2020-02-26,-16.0,-17.0
3799.0,Italy,2020-02-10,3.0,0.0,60461.828,205.554593050928,294140.00000000023,0.004961808299940915,0.0,2020-02-25,2020-02-26,-15.0,-16.0
3800.0,Italy,2020-02-11,3.0,0.0,60461.828,205.554593050928,294140.00000000023,0.004961808299940915,0.0,2020-02-25,2020-02-26,-14.0,-15.0
3801.0,Italy,2020-02-12,3.0,0.0,60461.828,205.554593050928,294140.00000000023,0.004961808299940915,0.0,2020-02-25,2020-02-26,-13.0,-14.0
3802.0,Italy,2020-02-13,3.0,0.0,60461.828,205.554593050928,294140.00000000023,0.004961808299940915,0.0,2020-02-25,2020-02-26,-12.0,-13.0
3803.0,Italy,2020-02-14,3.0,0.0,60461.828,205.554593050928,294140.00000000023,0.004961808299940915,0.0,2020-02-25,2020-02-26,-11.0,-12.0
3804.0,Italy,2020-02-15,3.0,0.0,60461.828,205.554593050928,294140.00000000023,0.004961808299940915,0.0,2020-02-25,2020-02-26,-10.0,-11.0
3805.0,Italy,2020-02-16,3.0,0.0,60461.828,205.554593050928,294140.00000000023,0.004961808299940915,0.0,2020-02-25,2020-02-26,-9.0,-10.0
3806.0,Italy,2020-02-17,3.0,0.0,60461.828,205.554593050928,294140.00000000023,0.004961808299940915,0.0,2020-02-25,2020-02-26,-8.0,-9.0
3807.0,Italy,2020-02-18,3.0,0.0,60461.828,205.554593050928,294140.00000000023,0.004961808299940915,0.0,2020-02-25,2020-02-26,-7.0,-8.0
3808.0,Italy,2020-02-19,3.0,0.0,60461.828,205.554593050928,294140.00000000023,0.004961808299940915,0.0,2020-02-25,2020-02-26,-6.0,-7.0
3809.0,Italy,2020-02-20,3.0,0.0,60461.828,205.554593050928,294140.00000000023,0.004961808299940915,0.0,2020-02-25,2020-02-26,-5.0,-6.0
3810.0,Italy,2020-02-21,20.0,1.0,60461.828,205.554593050928,294140.00000000023,0.0330787219996061,0.0016539360999803048,2020-02-25,2020-02-26,-4.0,-5.0
3811.0,Italy,2020-02-22,62.0,2.0,60461.828,205.554593050928,294140.00000000023,0.10254403819877891,0.0033078721999606096,2020-02-25,2020-02-26,-3.0,-4.0
3812.0,Italy,2020-02-23,155.0,3.0,60461.828,205.554593050928,294140.00000000023,0.25636009549694727,0.004961808299940915,2020-02-25,2020-02-26,-2.0,-3.0
3813.0,Italy,2020-02-24,229.0,7.0,60461.828,205.554593050928,294140.00000000023,0.3787513668954898,0.011577552699862135,2020-02-25,2020-02-26,-1.0,-2.0
3814.0,Italy,2020-02-25,322.0,10.0,60461.828,205.554593050928,294140.00000000023,0.5325674241936582,0.01653936099980305,2020-02-25,2020-02-26,0.0,-1.0
3815.0,Italy,2020-02-26,453.0,12.0,60461.828,205.554593050928,294140.00000000023,0.749233053291078,0.01984723319976366,2020-02-25,2020-02-26,1.0,0.0
3816.0,Italy,2020-02-27,655.0,17.0,60461.828,205.554593050928,294140.00000000023,1.0833281454870998,0.02811691369966518,2020-02-25,2020-02-26,2.0,1.0
3817.0,Italy,2020-02-28,888.0,21.0,60461.828,205.554593050928,294140.00000000023,1.4686952567825107,0.0347326580995864,2020-02-25,2020-02-26,3.0,2.0
3818.0,Italy,2020-02-29,1128.0,29.0,60461.828,205.554593050928,294140.00000000023,1.865639920777784,0.04796414689942884,2020-02-25,2020-02-26,4.0,3.0
3819.0,Italy,2020-03-01,1694.0,34.0,60461.828,205.554593050928,294140.00000000023,2.8017677533666365,0.05623382739933036,2020-02-25,2020-02-26,5.0,4.0
3820.0,Italy,2020-03-02,2036.0,52.0,60461.828,205.554593050928,294140.00000000023,3.3674138995599003,0.08600467719897585,2020-02-25,2020-02-26,6.0,5.0
3821.0,Italy,2020-03-03,2502.0,79.0,60461.828,205.554593050928,294140.00000000023,4.138148122150723,0.1306609518984441,2020-02-25,2020-02-26,7.0,6.0
3822.0,Italy,2020-03-04,3089.0,107.0,60461.828,205.554593050928,294140.00000000023,5.109008612839162,0.17697116269789262,2020-02-25,2020-02-26,8.0,7.0
3823.0,Italy,2020-03-05,3858.0,148.0,60461.828,205.554593050928,294140.00000000023,6.380885473724016,0.24478254279708514,2020-02-25,2020-02-26,9.0,8.0
3824.0,Italy,2020-03-06,4636.0,197.0,60461.828,205.554593050928,294140.00000000023,7.667647759508693,0.32582541169612006,2020-02-25,2020-02-26,10.0,9.0
3825.0,Italy,2020-03-07,5883.0,233.0,60461.828,205.554593050928,294140.00000000023,9.730106076184134,0.385367111295411,2020-02-25,2020-02-26,11.0,10.0
3826.0,Italy,2020-03-08,7375.0,366.0,60461.828,205.554593050928,294140.00000000023,12.19777873735475,0.6053406125927916,2020-02-25,2020-02-26,12.0,11.0
3827.0,Italy,2020-03-09,9172.0,463.0,60461.828,205.554593050928,294140.00000000023,15.169901909019357,0.7657724142908812,2020-02-25,2020-02-26,13.0,12.0
3828.0,Italy,2020-03-10,10149.0,631.0,60461.828,205.554593050928,294140.00000000023,16.785797478700115,1.0436336790875724,2020-02-25,2020-02-26,14.0,13.0
3829.0,Italy,2020-03-11,12462.0,827.0,60461.828,205.554593050928,294140.00000000023,20.61135167795456,1.367805154683712,2020-02-25,2020-02-26,15.0,14.0
3830.0,Italy,2020-03-12,12462.0,827.0,60461.828,205.554593050928,294140.00000000023,20.61135167795456,1.367805154683712,2020-02-25,2020-02-26,16.0,15.0
3831.0,Italy,2020-03-13,17660.0,1266.0,60461.828,205.554593050928,294140.00000000023,29.208511525652188,2.093883102575066,2020-02-25,2020-02-26,17.0,16.0
3832.0,Italy,2020-03-14,21157.0,1441.0,60461.828,205.554593050928,294140.00000000023,34.99232606728331,2.3833219200716194,2020-02-25,2020-02-26,18.0,17.0
3833.0,Italy,2020-03-15,24747.0,1809.0,60461.828,205.554593050928,294140.00000000023,40.929956666212604,2.9919704048643716,2020-02-25,2020-02-26,19.0,18.0
3888.0,Japan,2020-01-22,2.0,0.0,126476.458,346.933817942423,364554.99999999994,0.0015813219563754703,0.0,2020-03-11,2020-03-11,-49.0,-49.0
3889.0,Japan,2020-01-23,1.0,0.0,126476.458,346.933817942423,364554.99999999994,0.0007906609781877351,0.0,2020-03-11,2020-03-11,-48.0,-48.0
3890.0,Japan,2020-01-24,2.0,0.0,126476.458,346.933817942423,364554.99999999994,0.0015813219563754703,0.0,2020-03-11,2020-03-11,-47.0,-47.0
3891.0,Japan,2020-01-25,2.0,0.0,126476.458,346.933817942423,364554.99999999994,0.0015813219563754703,0.0,2020-03-11,2020-03-11,-46.0,-46.0
3892.0,Japan,2020-01-26,4.0,0.0,126476.458,346.933817942423,364554.99999999994,0.0031626439127509405,0.0,2020-03-11,2020-03-11,-45.0,-45.0
3893.0,Japan,2020-01-27,4.0,0.0,126476.458,346.933817942423,364554.99999999994,0.0031626439127509405,0.0,2020-03-11,2020-03-11,-44.0,-44.0
3894.0,Japan,2020-01-28,7.0,0.0,126476.458,346.933817942423,364554.99999999994,0.005534626847314146,0.0,2020-03-11,2020-03-11,-43.0,-43.0
3895.0,Japan,2020-01-29,7.0,0.0,126476.458,346.933817942423,364554.99999999994,0.005534626847314146,0.0,2020-03-11,2020-03-11,-42.0,-42.0
3896.0,Japan,2020-01-30,11.0,0.0,126476.458,346.933817942423,364554.99999999994,0.008697270760065087,0.0,2020-03-11,2020-03-11,-41.0,-41.0
3897.0,Japan,2020-01-31,15.0,0.0,126476.458,346.933817942423,364554.99999999994,0.011859914672816028,0.0,2020-03-11,2020-03-11,-40.0,-40.0
3898.0,Japan,2020-02-01,20.0,0.0,126476.458,346.933817942423,364554.99999999994,0.015813219563754703,0.0,2020-03-11,2020-03-11,-39.0,-39.0
3899.0,Japan,2020-02-02,20.0,0.0,126476.458,346.933817942423,364554.99999999994,0.015813219563754703,0.0,2020-03-11,2020-03-11,-38.0,-38.0
3900.0,Japan,2020-02-03,20.0,0.0,126476.458,346.933817942423,364554.99999999994,0.015813219563754703,0.0,2020-03-11,2020-03-11,-37.0,-37.0
3901.0,Japan,2020-02-04,22.0,0.0,126476.458,346.933817942423,364554.99999999994,0.017394541520130175,0.0,2020-03-11,2020-03-11,-36.0,-36.0
3902.0,Japan,2020-02-05,22.0,0.0,126476.458,346.933817942423,364554.99999999994,0.017394541520130175,0.0,2020-03-11,2020-03-11,-35.0,-35.0
3903.0,Japan,2020-02-06,45.0,0.0,126476.458,346.933817942423,364554.99999999994,0.03557974401844808,0.0,2020-03-11,2020-03-11,-34.0,-34.0
3904.0,Japan,2020-02-07,25.0,0.0,126476.458,346.933817942423,364554.99999999994,0.019766524454693377,0.0,2020-03-11,2020-03-11,-33.0,-33.0
3905.0,Japan,2020-02-08,25.0,0.0,126476.458,346.933817942423,364554.99999999994,0.019766524454693377,0.0,2020-03-11,2020-03-11,-32.0,-32.0
3906.0,Japan,2020-02-09,26.0,0.0,126476.458,346.933817942423,364554.99999999994,0.02055718543288111,0.0,2020-03-11,2020-03-11,-31.0,-31.0
3907.0,Japan,2020-02-10,26.0,0.0,126476.458,346.933817942423,364554.99999999994,0.02055718543288111,0.0,2020-03-11,2020-03-11,-30.0,-30.0
3908.0,Japan,2020-02-11,26.0,0.0,126476.458,346.933817942423,364554.99999999994,0.02055718543288111,0.0,2020-03-11,2020-03-11,-29.0,-29.0
3909.0,Japan,2020-02-12,28.0,0.0,126476.458,346.933817942423,364554.99999999994,0.022138507389256584,0.0,2020-03-11,2020-03-11,-28.0,-28.0
3910.0,Japan,2020-02-13,28.0,1.0,126476.458,346.933817942423,364554.99999999994,0.022138507389256584,0.0007906609781877351,2020-03-11,2020-03-11,-27.0,-27.0
3911.0,Japan,2020-02-14,29.0,1.0,126476.458,346.933817942423,364554.99999999994,0.022929168367444318,0.0007906609781877351,2020-03-11,2020-03-11,-26.0,-26.0
3912.0,Japan,2020-02-15,43.0,1.0,126476.458,346.933817942423,364554.99999999994,0.03399842206207261,0.0007906609781877351,2020-03-11,2020-03-11,-25.0,-25.0
3913.0,Japan,2020-02-16,59.0,1.0,126476.458,346.933817942423,364554.99999999994,0.04664899771307637,0.0007906609781877351,2020-03-11,2020-03-11,-24.0,-24.0
3914.0,Japan,2020-02-17,66.0,1.0,126476.458,346.933817942423,364554.99999999994,0.05218362456039052,0.0007906609781877351,2020-03-11,2020-03-11,-23.0,-23.0
3915.0,Japan,2020-02-18,74.0,1.0,126476.458,346.933817942423,364554.99999999994,0.0585089123858924,0.0007906609781877351,2020-03-11,2020-03-11,-22.0,-22.0
3916.0,Japan,2020-02-19,84.0,1.0,126476.458,346.933817942423,364554.99999999994,0.06641552216776975,0.0007906609781877351,2020-03-11,2020-03-11,-21.0,-21.0
3917.0,Japan,2020-02-20,94.0,1.0,126476.458,346.933817942423,364554.99999999994,0.0743221319496471,0.0007906609781877351,2020-03-11,2020-03-11,-20.0,-20.0
3918.0,Japan,2020-02-21,105.0,1.0,126476.458,346.933817942423,364554.99999999994,0.08301940270971218,0.0007906609781877351,2020-03-11,2020-03-11,-19.0,-19.0
3919.0,Japan,2020-02-22,122.0,1.0,126476.458,346.933817942423,364554.99999999994,0.09646063933890368,0.0007906609781877351,2020-03-11,2020-03-11,-18.0,-18.0
3920.0,Japan,2020-02-23,147.0,1.0,126476.458,346.933817942423,364554.99999999994,0.11622716379359706,0.0007906609781877351,2020-03-11,2020-03-11,-17.0,-17.0
3921.0,Japan,2020-02-24,159.0,1.0,126476.458,346.933817942423,364554.99999999994,0.1257150955318499,0.0007906609781877351,2020-03-11,2020-03-11,-16.0,-16.0
3922.0,Japan,2020-02-25,170.0,1.0,126476.458,346.933817942423,364554.99999999994,0.13441236629191497,0.0007906609781877351,2020-03-11,2020-03-11,-15.0,-15.0
3923.0,Japan,2020-02-26,189.0,2.0,126476.458,346.933817942423,364554.99999999994,0.14943492487748194,0.0015813219563754703,2020-03-11,2020-03-11,-14.0,-14.0
3924.0,Japan,2020-02-27,214.0,4.0,126476.458,346.933817942423,364554.99999999994,0.16920144933217532,0.0031626439127509405,2020-03-11,2020-03-11,-13.0,-13.0
3925.0,Japan,2020-02-28,228.0,4.0,126476.458,346.933817942423,364554.99999999994,0.18027070302680362,0.0031626439127509405,2020-03-11,2020-03-11,-12.0,-12.0
3926.0,Japan,2020-02-29,241.0,5.0,126476.458,346.933817942423,364554.99999999994,0.19054929574324417,0.003953304890938676,2020-03-11,2020-03-11,-11.0,-11.0
3927.0,Japan,2020-03-01,256.0,6.0,126476.458,346.933817942423,364554.99999999994,0.2024092104160602,0.004743965869126411,2020-03-11,2020-03-11,-10.0,-10.0
3928.0,Japan,2020-03-02,274.0,6.0,126476.458,346.933817942423,364554.99999999994,0.21664110802343942,0.004743965869126411,2020-03-11,2020-03-11,-9.0,-9.0
3929.0,Japan,2020-03-03,293.0,6.0,126476.458,346.933817942423,364554.99999999994,0.23166366660900642,0.004743965869126411,2020-03-11,2020-03-11,-8.0,-8.0
3930.0,Japan,2020-03-04,331.0,6.0,126476.458,346.933817942423,364554.99999999994,0.26170878378014034,0.004743965869126411,2020-03-11,2020-03-11,-7.0,-7.0
3931.0,Japan,2020-03-05,360.0,6.0,126476.458,346.933817942423,364554.99999999994,0.28463795214758464,0.004743965869126411,2020-03-11,2020-03-11,-6.0,-6.0
3932.0,Japan,2020-03-06,420.0,6.0,126476.458,346.933817942423,364554.99999999994,0.33207761083884874,0.004743965869126411,2020-03-11,2020-03-11,-5.0,-5.0
3933.0,Japan,2020-03-07,461.0,6.0,126476.458,346.933817942423,364554.99999999994,0.36449471094454594,0.004743965869126411,2020-03-11,2020-03-11,-4.0,-4.0
3934.0,Japan,2020-03-08,502.0,6.0,126476.458,346.933817942423,364554.99999999994,0.3969118110502431,0.004743965869126411,2020-03-11,2020-03-11,-3.0,-3.0
3935.0,Japan,2020-03-09,511.0,10.0,126476.458,346.933817942423,364554.99999999994,0.4040277598539327,0.007906609781877351,2020-03-11,2020-03-11,-2.0,-2.0
3936.0,Japan,2020-03-10,581.0,10.0,126476.458,346.933817942423,364554.99999999994,0.4593740283270741,0.007906609781877351,2020-03-11,2020-03-11,-1.0,-1.0
3937.0,Japan,2020-03-11,639.0,15.0,126476.458,346.933817942423,364554.99999999994,0.5052323650619628,0.011859914672816028,2020-03-11,2020-03-11,0.0,0.0
3938.0,Japan,2020-03-12,639.0,16.0,126476.458,346.933817942423,364554.99999999994,0.5052323650619628,0.012650575651003762,2020-03-11,2020-03-11,1.0,1.0
3939.0,Japan,2020-03-13,701.0,19.0,126476.458,346.933817942423,364554.99999999994,0.5542533457096023,0.015022558585566968,2020-03-11,2020-03-11,2.0,2.0
3940.0,Japan,2020-03-14,773.0,22.0,126476.458,346.933817942423,364554.99999999994,0.6111809361391193,0.017394541520130175,2020-03-11,2020-03-11,3.0,3.0
3941.0,Japan,2020-03-15,839.0,22.0,126476.458,346.933817942423,364554.99999999994,0.6633645606995098,0.017394541520130175,2020-03-11,2020-03-11,4.0,4.0
4158.0,South Korea,2020-01-22,1.0,0.0,51269.183,527.297984161267,97230.00000000001,0.0019504894392407231,0.0,2020-02-22,2020-02-26,-31.0,-35.0
4159.0,South Korea,2020-01-23,1.0,0.0,51269.183,527.297984161267,97230.00000000001,0.0019504894392407231,0.0,2020-02-22,2020-02-26,-30.0,-34.0
4160.0,South Korea,2020-01-24,2.0,0.0,51269.183,527.297984161267,97230.00000000001,0.0039009788784814463,0.0,2020-02-22,2020-02-26,-29.0,-33.0
4161.0,South Korea,2020-01-25,2.0,0.0,51269.183,527.297984161267,97230.00000000001,0.0039009788784814463,0.0,2020-02-22,2020-02-26,-28.0,-32.0
4162.0,South Korea,2020-01-26,3.0,0.0,51269.183,527.297984161267,97230.00000000001,0.005851468317722168,0.0,2020-02-22,2020-02-26,-27.0,-31.0
4163.0,South Korea,2020-01-27,4.0,0.0,51269.183,527.297984161267,97230.00000000001,0.0078019577569628925,0.0,2020-02-22,2020-02-26,-26.0,-30.0
4164.0,South Korea,2020-01-28,4.0,0.0,51269.183,527.297984161267,97230.00000000001,0.0078019577569628925,0.0,2020-02-22,2020-02-26,-25.0,-29.0
4165.0,South Korea,2020-01-29,4.0,0.0,51269.183,527.297984161267,97230.00000000001,0.0078019577569628925,0.0,2020-02-22,2020-02-26,-24.0,-28.0
4166.0,South Korea,2020-01-30,4.0,0.0,51269.183,527.297984161267,97230.00000000001,0.0078019577569628925,0.0,2020-02-22,2020-02-26,-23.0,-27.0
4167.0,South Korea,2020-01-31,11.0,0.0,51269.183,527.297984161267,97230.00000000001,0.021455383831647953,0.0,2020-02-22,2020-02-26,-22.0,-26.0
4168.0,South Korea,2020-02-01,12.0,0.0,51269.183,527.297984161267,97230.00000000001,0.023405873270888673,0.0,2020-02-22,2020-02-26,-21.0,-25.0
4169.0,South Korea,2020-02-02,15.0,0.0,51269.183,527.297984161267,97230.00000000001,0.029257341588610843,0.0,2020-02-22,2020-02-26,-20.0,-24.0
4170.0,South Korea,2020-02-03,15.0,0.0,51269.183,527.297984161267,97230.00000000001,0.029257341588610843,0.0,2020-02-22,2020-02-26,-19.0,-23.0
4171.0,South Korea,2020-02-04,16.0,0.0,51269.183,527.297984161267,97230.00000000001,0.03120783102785157,0.0,2020-02-22,2020-02-26,-18.0,-22.0
4172.0,South Korea,2020-02-05,19.0,0.0,51269.183,527.297984161267,97230.00000000001,0.03705929934557374,0.0,2020-02-22,2020-02-26,-17.0,-21.0
4173.0,South Korea,2020-02-06,23.0,0.0,51269.183,527.297984161267,97230.00000000001,0.04486125710253663,0.0,2020-02-22,2020-02-26,-16.0,-20.0
4174.0,South Korea,2020-02-07,24.0,0.0,51269.183,527.297984161267,97230.00000000001,0.046811746541777347,0.0,2020-02-22,2020-02-26,-15.0,-19.0
4175.0,South Korea,2020-02-08,24.0,0.0,51269.183,527.297984161267,97230.00000000001,0.046811746541777347,0.0,2020-02-22,2020-02-26,-14.0,-18.0
4176.0,South Korea,2020-02-09,25.0,0.0,51269.183,527.297984161267,97230.00000000001,0.04876223598101807,0.0,2020-02-22,2020-02-26,-13.0,-17.0
4177.0,South Korea,2020-02-10,27.0,0.0,51269.183,527.297984161267,97230.00000000001,0.05266321485949952,0.0,2020-02-22,2020-02-26,-12.0,-16.0
4178.0,South Korea,2020-02-11,28.0,0.0,51269.183,527.297984161267,97230.00000000001,0.05461370429874024,0.0,2020-02-22,2020-02-26,-11.0,-15.0
4179.0,South Korea,2020-02-12,28.0,0.0,51269.183,527.297984161267,97230.00000000001,0.05461370429874024,0.0,2020-02-22,2020-02-26,-10.0,-14.0
4180.0,South Korea,2020-02-13,28.0,0.0,51269.183,527.297984161267,97230.00000000001,0.05461370429874024,0.0,2020-02-22,2020-02-26,-9.0,-13.0
4181.0,South Korea,2020-02-14,28.0,0.0,51269.183,527.297984161267,97230.00000000001,0.05461370429874024,0.0,2020-02-22,2020-02-26,-8.0,-12.0
4182.0,South Korea,2020-02-15,28.0,0.0,51269.183,527.297984161267,97230.00000000001,0.05461370429874024,0.0,2020-02-22,2020-02-26,-7.0,-11.0
4183.0,South Korea,2020-02-16,29.0,0.0,51269.183,527.297984161267,97230.00000000001,0.05656419373798096,0.0,2020-02-22,2020-02-26,-6.0,-10.0
4184.0,South Korea,2020-02-17,30.0,0.0,51269.183,527.297984161267,97230.00000000001,0.05851468317722169,0.0,2020-02-22,2020-02-26,-5.0,-9.0
4185.0,South Korea,2020-02-18,31.0,0.0,51269.183,527.297984161267,97230.00000000001,0.060465172616462406,0.0,2020-02-22,2020-02-26,-4.0,-8.0
4186.0,South Korea,2020-02-19,31.0,0.0,51269.183,527.297984161267,97230.00000000001,0.060465172616462406,0.0,2020-02-22,2020-02-26,-3.0,-7.0
4187.0,South Korea,2020-02-20,104.0,1.0,51269.183,527.297984161267,97230.00000000001,0.20285090168103517,0.0019504894392407231,2020-02-22,2020-02-26,-2.0,-6.0
4188.0,South Korea,2020-02-21,204.0,2.0,51269.183,527.297984161267,97230.00000000001,0.39789984560510744,0.0039009788784814463,2020-02-22,2020-02-26,-1.0,-5.0
4189.0,South Korea,2020-02-22,433.0,2.0,51269.183,527.297984161267,97230.00000000001,0.8445619271912331,0.0039009788784814463,2020-02-22,2020-02-26,0.0,-4.0
4190.0,South Korea,2020-02-23,602.0,6.0,51269.183,527.297984161267,97230.00000000001,1.174194642422915,0.011702936635444337,2020-02-22,2020-02-26,1.0,-3.0
4191.0,South Korea,2020-02-24,833.0,8.0,51269.183,527.297984161267,97230.00000000001,1.6247577028875222,0.015603915513925785,2020-02-22,2020-02-26,2.0,-2.0
4192.0,South Korea,2020-02-25,977.0,10.0,51269.183,527.297984161267,97230.00000000001,1.9056281821381864,0.019504894392407227,2020-02-22,2020-02-26,3.0,-1.0
4193.0,South Korea,2020-02-26,1261.0,12.0,51269.183,527.297984161267,97230.00000000001,2.4595671828825516,0.023405873270888673,2020-02-22,2020-02-26,4.0,0.0
4194.0,South Korea,2020-02-27,1766.0,13.0,51269.183,527.297984161267,97230.00000000001,3.444564349699117,0.025356362710129397,2020-02-22,2020-02-26,5.0,1.0
4195.0,South Korea,2020-02-28,2337.0,13.0,51269.183,527.297984161267,97230.00000000001,4.55829381950557,0.025356362710129397,2020-02-22,2020-02-26,6.0,2.0
4196.0,South Korea,2020-02-29,3150.0,16.0,51269.183,527.297984161267,97230.00000000001,6.144041733608277,0.03120783102785157,2020-02-22,2020-02-26,7.0,3.0
4197.0,South Korea,2020-03-01,3736.0,17.0,51269.183,527.297984161267,97230.00000000001,7.2870285450033405,0.03315832046709229,2020-02-22,2020-02-26,8.0,4.0
4198.0,South Korea,2020-03-02,4335.0,28.0,51269.183,527.297984161267,97230.00000000001,8.455371719108534,0.05461370429874024,2020-02-22,2020-02-26,9.0,5.0
4199.0,South Korea,2020-03-03,5186.0,28.0,51269.183,527.297984161267,97230.00000000001,10.115238231902389,0.05461370429874024,2020-02-22,2020-02-26,10.0,6.0
4200.0,South Korea,2020-03-04,5621.0,35.0,51269.183,527.297984161267,97230.00000000001,10.963701137972103,0.0682671303734253,2020-02-22,2020-02-26,11.0,7.0
4201.0,South Korea,2020-03-05,6088.0,35.0,51269.183,527.297984161267,97230.00000000001,11.87457970609752,0.0682671303734253,2020-02-22,2020-02-26,12.0,8.0
4202.0,South Korea,2020-03-06,6593.0,42.0,51269.183,527.297984161267,97230.00000000001,12.859576872914086,0.08192055644811036,2020-02-22,2020-02-26,13.0,9.0
4203.0,South Korea,2020-03-07,7041.0,44.0,51269.183,527.297984161267,97230.00000000001,13.733396141693929,0.08582153532659181,2020-02-22,2020-02-26,14.0,10.0
4204.0,South Korea,2020-03-08,7314.0,50.0,51269.183,527.297984161267,97230.00000000001,14.265879758606648,0.09752447196203615,2020-02-22,2020-02-26,15.0,11.0
4205.0,South Korea,2020-03-09,7478.0,53.0,51269.183,527.297984161267,97230.00000000001,14.585760026642125,0.10337594027975833,2020-02-22,2020-02-26,16.0,12.0
4206.0,South Korea,2020-03-10,7513.0,54.0,51269.183,527.297984161267,97230.00000000001,14.65402715701555,0.10532642971899904,2020-02-22,2020-02-26,17.0,13.0
4207.0,South Korea,2020-03-11,7755.0,60.0,51269.183,527.297984161267,97230.00000000001,15.126045601311807,0.11702936635444337,2020-02-22,2020-02-26,18.0,14.0
4208.0,South Korea,2020-03-12,7869.0,66.0,51269.183,527.297984161267,97230.00000000001,15.348401397385251,0.12873230298988772,2020-02-22,2020-02-26,19.0,15.0
4209.0,South Korea,2020-03-13,7979.0,66.0,51269.183,527.297984161267,97230.00000000001,15.562955235701729,0.12873230298988772,2020-02-22,2020-02-26,20.0,16.0
4210.0,South Korea,2020-03-14,8086.0,72.0,51269.183,527.297984161267,97230.00000000001,15.771657605700486,0.14043523962533205,2020-02-22,2020-02-26,21.0,17.0
4211.0,South Korea,2020-03-15,8162.0,75.0,51269.183,527.297984161267,97230.00000000001,15.919894803082782,0.14628670794305423,2020-02-22,2020-02-26,22.0,18.0
5238.0,Netherlands,2020-01-22,0.0,0.0,17134.873,508.151631079478,33720.0,0.0,0.0,2020-03-06,2020-03-14,-44.0,-52.0
5239.0,Netherlands,2020-01-23,0.0,0.0,17134.873,508.151631079478,33720.0,0.0,0.0,2020-03-06,2020-03-14,-43.0,-51.0
5240.0,Netherlands,2020-01-24,0.0,0.0,17134.873,508.151631079478,33720.0,0.0,0.0,2020-03-06,2020-03-14,-42.0,-50.0
5241.0,Netherlands,2020-01-25,0.0,0.0,17134.873,508.151631079478,33720.0,0.0,0.0,2020-03-06,2020-03-14,-41.0,-49.0
5242.0,Netherlands,2020-01-26,0.0,0.0,17134.873,508.151631079478,33720.0,0.0,0.0,2020-03-06,2020-03-14,-40.0,-48.0
5243.0,Netherlands,2020-01-27,0.0,0.0,17134.873,508.151631079478,33720.0,0.0,0.0,2020-03-06,2020-03-14,-39.0,-47.0
5244.0,Netherlands,2020-01-28,0.0,0.0,17134.873,508.151631079478,33720.0,0.0,0.0,2020-03-06,2020-03-14,-38.0,-46.0
5245.0,Netherlands,2020-01-29,0.0,0.0,17134.873,508.151631079478,33720.0,0.0,0.0,2020-03-06,2020-03-14,-37.0,-45.0
5246.0,Netherlands,2020-01-30,0.0,0.0,17134.873,508.151631079478,33720.0,0.0,0.0,2020-03-06,2020-03-14,-36.0,-44.0
5247.0,Netherlands,2020-01-31,0.0,0.0,17134.873,508.151631079478,33720.0,0.0,0.0,2020-03-06,2020-03-14,-35.0,-43.0
5248.0,Netherlands,2020-02-01,0.0,0.0,17134.873,508.151631079478,33720.0,0.0,0.0,2020-03-06,2020-03-14,-34.0,-42.0
5249.0,Netherlands,2020-02-02,0.0,0.0,17134.873,508.151631079478,33720.0,0.0,0.0,2020-03-06,2020-03-14,-33.0,-41.0
5250.0,Netherlands,2020-02-03,0.0,0.0,17134.873,508.151631079478,33720.0,0.0,0.0,2020-03-06,2020-03-14,-32.0,-40.0
5251.0,Netherlands,2020-02-04,0.0,0.0,17134.873,508.151631079478,33720.0,0.0,0.0,2020-03-06,2020-03-14,-31.0,-39.0
5252.0,Netherlands,2020-02-05,0.0,0.0,17134.873,508.151631079478,33720.0,0.0,0.0,2020-03-06,2020-03-14,-30.0,-38.0
5253.0,Netherlands,2020-02-06,0.0,0.0,17134.873,508.151631079478,33720.0,0.0,0.0,2020-03-06,2020-03-14,-29.0,-37.0
5254.0,Netherlands,2020-02-07,0.0,0.0,17134.873,508.151631079478,33720.0,0.0,0.0,2020-03-06,2020-03-14,-28.0,-36.0
5255.0,Netherlands,2020-02-08,0.0,0.0,17134.873,508.151631079478,33720.0,0.0,0.0,2020-03-06,2020-03-14,-27.0,-35.0
5256.0,Netherlands,2020-02-09,0.0,0.0,17134.873,508.151631079478,33720.0,0.0,0.0,2020-03-06,2020-03-14,-26.0,-34.0
5257.0,Netherlands,2020-02-10,0.0,0.0,17134.873,508.151631079478,33720.0,0.0,0.0,2020-03-06,2020-03-14,-25.0,-33.0
5258.0,Netherlands,2020-02-11,0.0,0.0,17134.873,508.151631079478,33720.0,0.0,0.0,2020-03-06,2020-03-14,-24.0,-32.0
5259.0,Netherlands,2020-02-12,0.0,0.0,17134.873,508.151631079478,33720.0,0.0,0.0,2020-03-06,2020-03-14,-23.0,-31.0
5260.0,Netherlands,2020-02-13,0.0,0.0,17134.873,508.151631079478,33720.0,0.0,0.0,2020-03-06,2020-03-14,-22.0,-30.0
5261.0,Netherlands,2020-02-14,0.0,0.0,17134.873,508.151631079478,33720.0,0.0,0.0,2020-03-06,2020-03-14,-21.0,-29.0
5262.0,Netherlands,2020-02-15,0.0,0.0,17134.873,508.151631079478,33720.0,0.0,0.0,2020-03-06,2020-03-14,-20.0,-28.0
5263.0,Netherlands,2020-02-16,0.0,0.0,17134.873,508.151631079478,33720.0,0.0,0.0,2020-03-06,2020-03-14,-19.0,-27.0
5264.0,Netherlands,2020-02-17,0.0,0.0,17134.873,508.151631079478,33720.0,0.0,0.0,2020-03-06,2020-03-14,-18.0,-26.0
5265.0,Netherlands,2020-02-18,0.0,0.0,17134.873,508.151631079478,33720.0,0.0,0.0,2020-03-06,2020-03-14,-17.0,-25.0
5266.0,Netherlands,2020-02-19,0.0,0.0,17134.873,508.151631079478,33720.0,0.0,0.0,2020-03-06,2020-03-14,-16.0,-24.0
5267.0,Netherlands,2020-02-20,0.0,0.0,17134.873,508.151631079478,33720.0,0.0,0.0,2020-03-06,2020-03-14,-15.0,-23.0
5268.0,Netherlands,2020-02-21,0.0,0.0,17134.873,508.151631079478,33720.0,0.0,0.0,2020-03-06,2020-03-14,-14.0,-22.0
5269.0,Netherlands,2020-02-22,0.0,0.0,17134.873,508.151631079478,33720.0,0.0,0.0,2020-03-06,2020-03-14,-13.0,-21.0
5270.0,Netherlands,2020-02-23,0.0,0.0,17134.873,508.151631079478,33720.0,0.0,0.0,2020-03-06,2020-03-14,-12.0,-20.0
5271.0,Netherlands,2020-02-24,0.0,0.0,17134.873,508.151631079478,33720.0,0.0,0.0,2020-03-06,2020-03-14,-11.0,-19.0
5272.0,Netherlands,2020-02-25,0.0,0.0,17134.873,508.151631079478,33720.0,0.0,0.0,2020-03-06,2020-03-14,-10.0,-18.0
5273.0,Netherlands,2020-02-26,0.0,0.0,17134.873,508.151631079478,33720.0,0.0,0.0,2020-03-06,2020-03-14,-9.0,-17.0
5274.0,Netherlands,2020-02-27,1.0,0.0,17134.873,508.151631079478,33720.0,0.005836051425651068,0.0,2020-03-06,2020-03-14,-8.0,-16.0
5275.0,Netherlands,2020-02-28,1.0,0.0,17134.873,508.151631079478,33720.0,0.005836051425651068,0.0,2020-03-06,2020-03-14,-7.0,-15.0
5276.0,Netherlands,2020-02-29,6.0,0.0,17134.873,508.151631079478,33720.0,0.03501630855390641,0.0,2020-03-06,2020-03-14,-6.0,-14.0
5277.0,Netherlands,2020-03-01,10.0,0.0,17134.873,508.151631079478,33720.0,0.05836051425651068,0.0,2020-03-06,2020-03-14,-5.0,-13.0
5278.0,Netherlands,2020-03-02,18.0,0.0,17134.873,508.151631079478,33720.0,0.10504892566171922,0.0,2020-03-06,2020-03-14,-4.0,-12.0
5279.0,Netherlands,2020-03-03,24.0,0.0,17134.873,508.151631079478,33720.0,0.14006523421562564,0.0,2020-03-06,2020-03-14,-3.0,-11.0
5280.0,Netherlands,2020-03-04,38.0,0.0,17134.873,508.151631079478,33720.0,0.2217699541747406,0.0,2020-03-06,2020-03-14,-2.0,-10.0
5281.0,Netherlands,2020-03-05,82.0,0.0,17134.873,508.151631079478,33720.0,0.4785562169033876,0.0,2020-03-06,2020-03-14,-1.0,-9.0
5282.0,Netherlands,2020-03-06,128.0,1.0,17134.873,508.151631079478,33720.0,0.7470145824833367,0.005836051425651068,2020-03-06,2020-03-14,0.0,-8.0
5283.0,Netherlands,2020-03-07,188.0,1.0,17134.873,508.151631079478,33720.0,1.0971776680224008,0.005836051425651068,2020-03-06,2020-03-14,1.0,-7.0
5284.0,Netherlands,2020-03-08,265.0,3.0,17134.873,508.151631079478,33720.0,1.5465536277975331,0.017508154276953205,2020-03-06,2020-03-14,2.0,-6.0
5285.0,Netherlands,2020-03-09,321.0,3.0,17134.873,508.151631079478,33720.0,1.873372507633993,0.017508154276953205,2020-03-06,2020-03-14,3.0,-5.0
5286.0,Netherlands,2020-03-10,382.0,4.0,17134.873,508.151631079478,33720.0,2.229371644598708,0.023344205702604273,2020-03-06,2020-03-14,4.0,-4.0
5287.0,Netherlands,2020-03-11,503.0,5.0,17134.873,508.151631079478,33720.0,2.9355338671024875,0.02918025712825534,2020-03-06,2020-03-14,5.0,-3.0
5288.0,Netherlands,2020-03-12,503.0,5.0,17134.873,508.151631079478,33720.0,2.9355338671024875,0.02918025712825534,2020-03-06,2020-03-14,6.0,-2.0
5289.0,Netherlands,2020-03-13,804.0,10.0,17134.873,508.151631079478,33720.0,4.692185346223459,0.05836051425651068,2020-03-06,2020-03-14,7.0,-1.0
5290.0,Netherlands,2020-03-14,959.0,12.0,17134.873,508.151631079478,33720.0,5.596773317199374,0.07003261710781282,2020-03-06,2020-03-14,8.0,0.0
5291.0,Netherlands,2020-03-15,1135.0,20.0,17134.873,508.151631079478,33720.0,6.623918368113962,0.11672102851302137,2020-03-06,2020-03-14,9.0,1.0
6804.0,Spain,2020-01-22,0.0,0.0,46754.783,93.7345288692863,498800.0,0.0,0.0,2020-03-05,2020-03-08,-43.0,-46.0
6805.0,Spain,2020-01-23,0.0,0.0,46754.783,93.7345288692863,498800.0,0.0,0.0,2020-03-05,2020-03-08,-42.0,-45.0
6806.0,Spain,2020-01-24,0.0,0.0,46754.783,93.7345288692863,498800.0,0.0,0.0,2020-03-05,2020-03-08,-41.0,-44.0
6807.0,Spain,2020-01-25,0.0,0.0,46754.783,93.7345288692863,498800.0,0.0,0.0,2020-03-05,2020-03-08,-40.0,-43.0
6808.0,Spain,2020-01-26,0.0,0.0,46754.783,93.7345288692863,498800.0,0.0,0.0,2020-03-05,2020-03-08,-39.0,-42.0
6809.0,Spain,2020-01-27,0.0,0.0,46754.783,93.7345288692863,498800.0,0.0,0.0,2020-03-05,2020-03-08,-38.0,-41.0
6810.0,Spain,2020-01-28,0.0,0.0,46754.783,93.7345288692863,498800.0,0.0,0.0,2020-03-05,2020-03-08,-37.0,-40.0
6811.0,Spain,2020-01-29,0.0,0.0,46754.783,93.7345288692863,498800.0,0.0,0.0,2020-03-05,2020-03-08,-36.0,-39.0
6812.0,Spain,2020-01-30,0.0,0.0,46754.783,93.7345288692863,498800.0,0.0,0.0,2020-03-05,2020-03-08,-35.0,-38.0
6813.0,Spain,2020-01-31,0.0,0.0,46754.783,93.7345288692863,498800.0,0.0,0.0,2020-03-05,2020-03-08,-34.0,-37.0
6814.0,Spain,2020-02-01,1.0,0.0,46754.783,93.7345288692863,498800.0,0.002138818610279936,0.0,2020-03-05,2020-03-08,-33.0,-36.0
6815.0,Spain,2020-02-02,1.0,0.0,46754.783,93.7345288692863,498800.0,0.002138818610279936,0.0,2020-03-05,2020-03-08,-32.0,-35.0
6816.0,Spain,2020-02-03,1.0,0.0,46754.783,93.7345288692863,498800.0,0.002138818610279936,0.0,2020-03-05,2020-03-08,-31.0,-34.0
6817.0,Spain,2020-02-04,1.0,0.0,46754.783,93.7345288692863,498800.0,0.002138818610279936,0.0,2020-03-05,2020-03-08,-30.0,-33.0
6818.0,Spain,2020-02-05,1.0,0.0,46754.783,93.7345288692863,498800.0,0.002138818610279936,0.0,2020-03-05,2020-03-08,-29.0,-32.0
6819.0,Spain,2020-02-06,1.0,0.0,46754.783,93.7345288692863,498800.0,0.002138818610279936,0.0,2020-03-05,2020-03-08,-28.0,-31.0
6820.0,Spain,2020-02-07,1.0,0.0,46754.783,93.7345288692863,498800.0,0.002138818610279936,0.0,2020-03-05,2020-03-08,-27.0,-30.0
6821.0,Spain,2020-02-08,1.0,0.0,46754.783,93.7345288692863,498800.0,0.002138818610279936,0.0,2020-03-05,2020-03-08,-26.0,-29.0
6822.0,Spain,2020-02-09,2.0,0.0,46754.783,93.7345288692863,498800.0,0.004277637220559872,0.0,2020-03-05,2020-03-08,-25.0,-28.0
6823.0,Spain,2020-02-10,2.0,0.0,46754.783,93.7345288692863,498800.0,0.004277637220559872,0.0,2020-03-05,2020-03-08,-24.0,-27.0
6824.0,Spain,2020-02-11,2.0,0.0,46754.783,93.7345288692863,498800.0,0.004277637220559872,0.0,2020-03-05,2020-03-08,-23.0,-26.0
6825.0,Spain,2020-02-12,2.0,0.0,46754.783,93.7345288692863,498800.0,0.004277637220559872,0.0,2020-03-05,2020-03-08,-22.0,-25.0
6826.0,Spain,2020-02-13,2.0,0.0,46754.783,93.7345288692863,498800.0,0.004277637220559872,0.0,2020-03-05,2020-03-08,-21.0,-24.0
6827.0,Spain,2020-02-14,2.0,0.0,46754.783,93.7345288692863,498800.0,0.004277637220559872,0.0,2020-03-05,2020-03-08,-20.0,-23.0
6828.0,Spain,2020-02-15,2.0,0.0,46754.783,93.7345288692863,498800.0,0.004277637220559872,0.0,2020-03-05,2020-03-08,-19.0,-22.0
6829.0,Spain,2020-02-16,2.0,0.0,46754.783,93.7345288692863,498800.0,0.004277637220559872,0.0,2020-03-05,2020-03-08,-18.0,-21.0
6830.0,Spain,2020-02-17,2.0,0.0,46754.783,93.7345288692863,498800.0,0.004277637220559872,0.0,2020-03-05,2020-03-08,-17.0,-20.0
6831.0,Spain,2020-02-18,2.0,0.0,46754.783,93.7345288692863,498800.0,0.004277637220559872,0.0,2020-03-05,2020-03-08,-16.0,-19.0
6832.0,Spain,2020-02-19,2.0,0.0,46754.783,93.7345288692863,498800.0,0.004277637220559872,0.0,2020-03-05,2020-03-08,-15.0,-18.0
6833.0,Spain,2020-02-20,2.0,0.0,46754.783,93.7345288692863,498800.0,0.004277637220559872,0.0,2020-03-05,2020-03-08,-14.0,-17.0
6834.0,Spain,2020-02-21,2.0,0.0,46754.783,93.7345288692863,498800.0,0.004277637220559872,0.0,2020-03-05,2020-03-08,-13.0,-16.0
6835.0,Spain,2020-02-22,2.0,0.0,46754.783,93.7345288692863,498800.0,0.004277637220559872,0.0,2020-03-05,2020-03-08,-12.0,-15.0
6836.0,Spain,2020-02-23,2.0,0.0,46754.783,93.7345288692863,498800.0,0.004277637220559872,0.0,2020-03-05,2020-03-08,-11.0,-14.0
6837.0,Spain,2020-02-24,2.0,0.0,46754.783,93.7345288692863,498800.0,0.004277637220559872,0.0,2020-03-05,2020-03-08,-10.0,-13.0
6838.0,Spain,2020-02-25,6.0,0.0,46754.783,93.7345288692863,498800.0,0.012832911661679618,0.0,2020-03-05,2020-03-08,-9.0,-12.0
6839.0,Spain,2020-02-26,13.0,0.0,46754.783,93.7345288692863,498800.0,0.027804641933639174,0.0,2020-03-05,2020-03-08,-8.0,-11.0
6840.0,Spain,2020-02-27,15.0,0.0,46754.783,93.7345288692863,498800.0,0.03208227915419904,0.0,2020-03-05,2020-03-08,-7.0,-10.0
6841.0,Spain,2020-02-28,32.0,0.0,46754.783,93.7345288692863,498800.0,0.06844219552895796,0.0,2020-03-05,2020-03-08,-6.0,-9.0
6842.0,Spain,2020-02-29,45.0,0.0,46754.783,93.7345288692863,498800.0,0.09624683746259714,0.0,2020-03-05,2020-03-08,-5.0,-8.0
6843.0,Spain,2020-03-01,84.0,0.0,46754.783,93.7345288692863,498800.0,0.17966076326351466,0.0,2020-03-05,2020-03-08,-4.0,-7.0
6844.0,Spain,2020-03-02,120.0,0.0,46754.783,93.7345288692863,498800.0,0.2566582332335923,0.0,2020-03-05,2020-03-08,-3.0,-6.0
6845.0,Spain,2020-03-03,165.0,1.0,46754.783,93.7345288692863,498800.0,0.3529050706961895,0.002138818610279936,2020-03-05,2020-03-08,-2.0,-5.0
6846.0,Spain,2020-03-04,222.0,2.0,46754.783,93.7345288692863,498800.0,0.4748177314821459,0.004277637220559872,2020-03-05,2020-03-08,-1.0,-4.0
6847.0,Spain,2020-03-05,259.0,3.0,46754.783,93.7345288692863,498800.0,0.5539540200625035,0.006416455830839809,2020-03-05,2020-03-08,0.0,-3.0
6848.0,Spain,2020-03-06,400.0,5.0,46754.783,93.7345288692863,498800.0,0.8555274441119745,0.010694093051399681,2020-03-05,2020-03-08,1.0,-2.0
6849.0,Spain,2020-03-07,500.0,10.0,46754.783,93.7345288692863,498800.0,1.0694093051399682,0.021388186102799363,2020-03-05,2020-03-08,2.0,-1.0
6850.0,Spain,2020-03-08,673.0,17.0,46754.783,93.7345288692863,498800.0,1.439424924718397,0.03635991637475892,2020-03-05,2020-03-08,3.0,0.0
6851.0,Spain,2020-03-09,1073.0,28.0,46754.783,93.7345288692863,498800.0,2.2949523688303715,0.05988692108783822,2020-03-05,2020-03-08,4.0,1.0
6852.0,Spain,2020-03-10,1695.0,35.0,46754.783,93.7345288692863,498800.0,3.625297544424492,0.07485865135979777,2020-03-05,2020-03-08,5.0,2.0
6853.0,Spain,2020-03-11,2277.0,54.0,46754.783,93.7345288692863,498800.0,4.870089975607415,0.11549620495511657,2020-03-05,2020-03-08,6.0,3.0
6854.0,Spain,2020-03-12,2277.0,55.0,46754.783,93.7345288692863,498800.0,4.870089975607415,0.1176350235653965,2020-03-05,2020-03-08,7.0,4.0
6855.0,Spain,2020-03-13,5232.0,133.0,46754.783,93.7345288692863,498800.0,11.190298968984628,0.2844628751672315,2020-03-05,2020-03-08,8.0,5.0
6856.0,Spain,2020-03-14,6391.0,195.0,46754.783,93.7345288692863,498800.0,13.669189738299073,0.4170696290045876,2020-03-05,2020-03-08,9.0,6.0
6857.0,Spain,2020-03-15,7798.0,289.0,46754.783,93.7345288692863,498800.0,16.678507522962942,0.6181185783709016,2020-03-05,2020-03-08,10.0,7.0
7074.0,Switzerland,2020-01-22,0.0,0.0,8654.618,219.01553800992,39516.00000000001,0.0,0.0,2020-03-03,2020-03-13,-41.0,-51.0
7075.0,Switzerland,2020-01-23,0.0,0.0,8654.618,219.01553800992,39516.00000000001,0.0,0.0,2020-03-03,2020-03-13,-40.0,-50.0
7076.0,Switzerland,2020-01-24,0.0,0.0,8654.618,219.01553800992,39516.00000000001,0.0,0.0,2020-03-03,2020-03-13,-39.0,-49.0
7077.0,Switzerland,2020-01-25,0.0,0.0,8654.618,219.01553800992,39516.00000000001,0.0,0.0,2020-03-03,2020-03-13,-38.0,-48.0
7078.0,Switzerland,2020-01-26,0.0,0.0,8654.618,219.01553800992,39516.00000000001,0.0,0.0,2020-03-03,2020-03-13,-37.0,-47.0
7079.0,Switzerland,2020-01-27,0.0,0.0,8654.618,219.01553800992,39516.00000000001,0.0,0.0,2020-03-03,2020-03-13,-36.0,-46.0
7080.0,Switzerland,2020-01-28,0.0,0.0,8654.618,219.01553800992,39516.00000000001,0.0,0.0,2020-03-03,2020-03-13,-35.0,-45.0
7081.0,Switzerland,2020-01-29,0.0,0.0,8654.618,219.01553800992,39516.00000000001,0.0,0.0,2020-03-03,2020-03-13,-34.0,-44.0
7082.0,Switzerland,2020-01-30,0.0,0.0,8654.618,219.01553800992,39516.00000000001,0.0,0.0,2020-03-03,2020-03-13,-33.0,-43.0
7083.0,Switzerland,2020-01-31,0.0,0.0,8654.618,219.01553800992,39516.00000000001,0.0,0.0,2020-03-03,2020-03-13,-32.0,-42.0
7084.0,Switzerland,2020-02-01,0.0,0.0,8654.618,219.01553800992,39516.00000000001,0.0,0.0,2020-03-03,2020-03-13,-31.0,-41.0
7085.0,Switzerland,2020-02-02,0.0,0.0,8654.618,219.01553800992,39516.00000000001,0.0,0.0,2020-03-03,2020-03-13,-30.0,-40.0
7086.0,Switzerland,2020-02-03,0.0,0.0,8654.618,219.01553800992,39516.00000000001,0.0,0.0,2020-03-03,2020-03-13,-29.0,-39.0
7087.0,Switzerland,2020-02-04,0.0,0.0,8654.618,219.01553800992,39516.00000000001,0.0,0.0,2020-03-03,2020-03-13,-28.0,-38.0
7088.0,Switzerland,2020-02-05,0.0,0.0,8654.618,219.01553800992,39516.00000000001,0.0,0.0,2020-03-03,2020-03-13,-27.0,-37.0
7089.0,Switzerland,2020-02-06,0.0,0.0,8654.618,219.01553800992,39516.00000000001,0.0,0.0,2020-03-03,2020-03-13,-26.0,-36.0
7090.0,Switzerland,2020-02-07,0.0,0.0,8654.618,219.01553800992,39516.00000000001,0.0,0.0,2020-03-03,2020-03-13,-25.0,-35.0
7091.0,Switzerland,2020-02-08,0.0,0.0,8654.618,219.01553800992,39516.00000000001,0.0,0.0,2020-03-03,2020-03-13,-24.0,-34.0
7092.0,Switzerland,2020-02-09,0.0,0.0,8654.618,219.01553800992,39516.00000000001,0.0,0.0,2020-03-03,2020-03-13,-23.0,-33.0
7093.0,Switzerland,2020-02-10,0.0,0.0,8654.618,219.01553800992,39516.00000000001,0.0,0.0,2020-03-03,2020-03-13,-22.0,-32.0
7094.0,Switzerland,2020-02-11,0.0,0.0,8654.618,219.01553800992,39516.00000000001,0.0,0.0,2020-03-03,2020-03-13,-21.0,-31.0
7095.0,Switzerland,2020-02-12,0.0,0.0,8654.618,219.01553800992,39516.00000000001,0.0,0.0,2020-03-03,2020-03-13,-20.0,-30.0
7096.0,Switzerland,2020-02-13,0.0,0.0,8654.618,219.01553800992,39516.00000000001,0.0,0.0,2020-03-03,2020-03-13,-19.0,-29.0
7097.0,Switzerland,2020-02-14,0.0,0.0,8654.618,219.01553800992,39516.00000000001,0.0,0.0,2020-03-03,2020-03-13,-18.0,-28.0
7098.0,Switzerland,2020-02-15,0.0,0.0,8654.618,219.01553800992,39516.00000000001,0.0,0.0,2020-03-03,2020-03-13,-17.0,-27.0
7099.0,Switzerland,2020-02-16,0.0,0.0,8654.618,219.01553800992,39516.00000000001,0.0,0.0,2020-03-03,2020-03-13,-16.0,-26.0
7100.0,Switzerland,2020-02-17,0.0,0.0,8654.618,219.01553800992,39516.00000000001,0.0,0.0,2020-03-03,2020-03-13,-15.0,-25.0
7101.0,Switzerland,2020-02-18,0.0,0.0,8654.618,219.01553800992,39516.00000000001,0.0,0.0,2020-03-03,2020-03-13,-14.0,-24.0
7102.0,Switzerland,2020-02-19,0.0,0.0,8654.618,219.01553800992,39516.00000000001,0.0,0.0,2020-03-03,2020-03-13,-13.0,-23.0
7103.0,Switzerland,2020-02-20,0.0,0.0,8654.618,219.01553800992,39516.00000000001,0.0,0.0,2020-03-03,2020-03-13,-12.0,-22.0
7104.0,Switzerland,2020-02-21,0.0,0.0,8654.618,219.01553800992,39516.00000000001,0.0,0.0,2020-03-03,2020-03-13,-11.0,-21.0
7105.0,Switzerland,2020-02-22,0.0,0.0,8654.618,219.01553800992,39516.00000000001,0.0,0.0,2020-03-03,2020-03-13,-10.0,-20.0
7106.0,Switzerland,2020-02-23,0.0,0.0,8654.618,219.01553800992,39516.00000000001,0.0,0.0,2020-03-03,2020-03-13,-9.0,-19.0
7107.0,Switzerland,2020-02-24,0.0,0.0,8654.618,219.01553800992,39516.00000000001,0.0,0.0,2020-03-03,2020-03-13,-8.0,-18.0
7108.0,Switzerland,2020-02-25,1.0,0.0,8654.618,219.01553800992,39516.00000000001,0.011554524994632923,0.0,2020-03-03,2020-03-13,-7.0,-17.0
7109.0,Switzerland,2020-02-26,1.0,0.0,8654.618,219.01553800992,39516.00000000001,0.011554524994632923,0.0,2020-03-03,2020-03-13,-6.0,-16.0
7110.0,Switzerland,2020-02-27,8.0,0.0,8654.618,219.01553800992,39516.00000000001,0.09243619995706338,0.0,2020-03-03,2020-03-13,-5.0,-15.0
7111.0,Switzerland,2020-02-28,8.0,0.0,8654.618,219.01553800992,39516.00000000001,0.09243619995706338,0.0,2020-03-03,2020-03-13,-4.0,-14.0
7112.0,Switzerland,2020-02-29,18.0,0.0,8654.618,219.01553800992,39516.00000000001,0.2079814499033926,0.0,2020-03-03,2020-03-13,-3.0,-13.0
7113.0,Switzerland,2020-03-01,27.0,0.0,8654.618,219.01553800992,39516.00000000001,0.3119721748550889,0.0,2020-03-03,2020-03-13,-2.0,-12.0
7114.0,Switzerland,2020-03-02,42.0,0.0,8654.618,219.01553800992,39516.00000000001,0.48529004977458273,0.0,2020-03-03,2020-03-13,-1.0,-11.0
7115.0,Switzerland,2020-03-03,56.0,0.0,8654.618,219.01553800992,39516.00000000001,0.6470533996994436,0.0,2020-03-03,2020-03-13,0.0,-10.0
7116.0,Switzerland,2020-03-04,90.0,0.0,8654.618,219.01553800992,39516.00000000001,1.039907249516963,0.0,2020-03-03,2020-03-13,1.0,-9.0
7117.0,Switzerland,2020-03-05,114.0,1.0,8654.618,219.01553800992,39516.00000000001,1.3172158493881532,0.011554524994632923,2020-03-03,2020-03-13,2.0,-8.0
7118.0,Switzerland,2020-03-06,214.0,1.0,8654.618,219.01553800992,39516.00000000001,2.4726683488514456,0.011554524994632923,2020-03-03,2020-03-13,3.0,-7.0
7119.0,Switzerland,2020-03-07,268.0,1.0,8654.618,219.01553800992,39516.00000000001,3.096612698561623,0.011554524994632923,2020-03-03,2020-03-13,4.0,-6.0
7120.0,Switzerland,2020-03-08,337.0,2.0,8654.618,219.01553800992,39516.00000000001,3.893874923191295,0.023109049989265846,2020-03-03,2020-03-13,5.0,-5.0
7121.0,Switzerland,2020-03-09,374.0,2.0,8654.618,219.01553800992,39516.00000000001,4.321392347992712,0.023109049989265846,2020-03-03,2020-03-13,6.0,-4.0
7122.0,Switzerland,2020-03-10,491.0,3.0,8654.618,219.01553800992,39516.00000000001,5.673271772364765,0.03466357498389877,2020-03-03,2020-03-13,7.0,-3.0
7123.0,Switzerland,2020-03-11,652.0,4.0,8654.618,219.01553800992,39516.00000000001,7.533550296500666,0.04621809997853169,2020-03-03,2020-03-13,8.0,-2.0
7124.0,Switzerland,2020-03-12,652.0,4.0,8654.618,219.01553800992,39516.00000000001,7.533550296500666,0.04621809997853169,2020-03-03,2020-03-13,9.0,-1.0
7125.0,Switzerland,2020-03-13,1139.0,11.0,8654.618,219.01553800992,39516.00000000001,13.1606039688869,0.12709977494096214,2020-03-03,2020-03-13,10.0,0.0
7126.0,Switzerland,2020-03-14,1359.0,13.0,8654.618,219.01553800992,39516.00000000001,15.702599467706142,0.150208824930228,2020-03-03,2020-03-13,11.0,1.0
7127.0,Switzerland,2020-03-15,2200.0,14.0,8654.618,219.01553800992,39516.00000000001,25.41995498819243,0.1617633499248609,2020-03-03,2020-03-13,12.0,2.0
7452.0,US,2020-01-22,1.0,0.0,331002.647,36.1853557615153,9147419.999999993,0.00030211238763900276,0.0,2020-03-12,2020-03-04,-50.0,-42.0
7453.0,US,2020-01-23,1.0,0.0,331002.647,36.1853557615153,9147419.999999993,0.00030211238763900276,0.0,2020-03-12,2020-03-04,-49.0,-41.0
7454.0,US,2020-01-24,2.0,0.0,331002.647,36.1853557615153,9147419.999999993,0.0006042247752780055,0.0,2020-03-12,2020-03-04,-48.0,-40.0
7455.0,US,2020-01-25,2.0,0.0,331002.647,36.1853557615153,9147419.999999993,0.0006042247752780055,0.0,2020-03-12,2020-03-04,-47.0,-39.0
7456.0,US,2020-01-26,5.0,0.0,331002.647,36.1853557615153,9147419.999999993,0.001510561938195014,0.0,2020-03-12,2020-03-04,-46.0,-38.0
7457.0,US,2020-01-27,5.0,0.0,331002.647,36.1853557615153,9147419.999999993,0.001510561938195014,0.0,2020-03-12,2020-03-04,-45.0,-37.0
7458.0,US,2020-01-28,5.0,0.0,331002.647,36.1853557615153,9147419.999999993,0.001510561938195014,0.0,2020-03-12,2020-03-04,-44.0,-36.0
7459.0,US,2020-01-29,5.0,0.0,331002.647,36.1853557615153,9147419.999999993,0.001510561938195014,0.0,2020-03-12,2020-03-04,-43.0,-35.0
7460.0,US,2020-01-30,5.0,0.0,331002.647,36.1853557615153,9147419.999999993,0.001510561938195014,0.0,2020-03-12,2020-03-04,-42.0,-34.0
7461.0,US,2020-01-31,7.0,0.0,331002.647,36.1853557615153,9147419.999999993,0.0021147867134730194,0.0,2020-03-12,2020-03-04,-41.0,-33.0
7462.0,US,2020-02-01,8.0,0.0,331002.647,36.1853557615153,9147419.999999993,0.002416899101112022,0.0,2020-03-12,2020-03-04,-40.0,-32.0
7463.0,US,2020-02-02,8.0,0.0,331002.647,36.1853557615153,9147419.999999993,0.002416899101112022,0.0,2020-03-12,2020-03-04,-39.0,-31.0
7464.0,US,2020-02-03,11.0,0.0,331002.647,36.1853557615153,9147419.999999993,0.0033232362640290302,0.0,2020-03-12,2020-03-04,-38.0,-30.0
7465.0,US,2020-02-04,11.0,0.0,331002.647,36.1853557615153,9147419.999999993,0.0033232362640290302,0.0,2020-03-12,2020-03-04,-37.0,-29.0
7466.0,US,2020-02-05,11.0,0.0,331002.647,36.1853557615153,9147419.999999993,0.0033232362640290302,0.0,2020-03-12,2020-03-04,-36.0,-28.0
7467.0,US,2020-02-06,11.0,0.0,331002.647,36.1853557615153,9147419.999999993,0.0033232362640290302,0.0,2020-03-12,2020-03-04,-35.0,-27.0
7468.0,US,2020-02-07,11.0,0.0,331002.647,36.1853557615153,9147419.999999993,0.0033232362640290302,0.0,2020-03-12,2020-03-04,-34.0,-26.0
7469.0,US,2020-02-08,11.0,0.0,331002.647,36.1853557615153,9147419.999999993,0.0033232362640290302,0.0,2020-03-12,2020-03-04,-33.0,-25.0
7470.0,US,2020-02-09,11.0,0.0,331002.647,36.1853557615153,9147419.999999993,0.0033232362640290302,0.0,2020-03-12,2020-03-04,-32.0,-24.0
7471.0,US,2020-02-10,11.0,0.0,331002.647,36.1853557615153,9147419.999999993,0.0033232362640290302,0.0,2020-03-12,2020-03-04,-31.0,-23.0
7472.0,US,2020-02-11,12.0,0.0,331002.647,36.1853557615153,9147419.999999993,0.003625348651668034,0.0,2020-03-12,2020-03-04,-30.0,-22.0
7473.0,US,2020-02-12,12.0,0.0,331002.647,36.1853557615153,9147419.999999993,0.003625348651668034,0.0,2020-03-12,2020-03-04,-29.0,-21.0
7474.0,US,2020-02-13,13.0,0.0,331002.647,36.1853557615153,9147419.999999993,0.003927461039307036,0.0,2020-03-12,2020-03-04,-28.0,-20.0
7475.0,US,2020-02-14,13.0,0.0,331002.647,36.1853557615153,9147419.999999993,0.003927461039307036,0.0,2020-03-12,2020-03-04,-27.0,-19.0
7476.0,US,2020-02-15,13.0,0.0,331002.647,36.1853557615153,9147419.999999993,0.003927461039307036,0.0,2020-03-12,2020-03-04,-26.0,-18.0
7477.0,US,2020-02-16,13.0,0.0,331002.647,36.1853557615153,9147419.999999993,0.003927461039307036,0.0,2020-03-12,2020-03-04,-25.0,-17.0
7478.0,US,2020-02-17,13.0,0.0,331002.647,36.1853557615153,9147419.999999993,0.003927461039307036,0.0,2020-03-12,2020-03-04,-24.0,-16.0
7479.0,US,2020-02-18,13.0,0.0,331002.647,36.1853557615153,9147419.999999993,0.003927461039307036,0.0,2020-03-12,2020-03-04,-23.0,-15.0
7480.0,US,2020-02-19,13.0,0.0,331002.647,36.1853557615153,9147419.999999993,0.003927461039307036,0.0,2020-03-12,2020-03-04,-22.0,-14.0
7481.0,US,2020-02-20,13.0,0.0,331002.647,36.1853557615153,9147419.999999993,0.003927461039307036,0.0,2020-03-12,2020-03-04,-21.0,-13.0
7482.0,US,2020-02-21,15.0,0.0,331002.647,36.1853557615153,9147419.999999993,0.0045316858145850415,0.0,2020-03-12,2020-03-04,-20.0,-12.0
7483.0,US,2020-02-22,15.0,0.0,331002.647,36.1853557615153,9147419.999999993,0.0045316858145850415,0.0,2020-03-12,2020-03-04,-19.0,-11.0
7484.0,US,2020-02-23,15.0,0.0,331002.647,36.1853557615153,9147419.999999993,0.0045316858145850415,0.0,2020-03-12,2020-03-04,-18.0,-10.0
7485.0,US,2020-02-24,51.0,0.0,331002.647,36.1853557615153,9147419.999999993,0.015407731769589143,0.0,2020-03-12,2020-03-04,-17.0,-9.0
7486.0,US,2020-02-25,51.0,0.0,331002.647,36.1853557615153,9147419.999999993,0.015407731769589143,0.0,2020-03-12,2020-03-04,-16.0,-8.0
7487.0,US,2020-02-26,57.0,0.0,331002.647,36.1853557615153,9147419.999999993,0.01722040609542316,0.0,2020-03-12,2020-03-04,-15.0,-7.0
7488.0,US,2020-02-27,58.0,0.0,331002.647,36.1853557615153,9147419.999999993,0.01752251848306216,0.0,2020-03-12,2020-03-04,-14.0,-6.0
7489.0,US,2020-02-28,60.0,0.0,331002.647,36.1853557615153,9147419.999999993,0.018126743258340166,0.0,2020-03-12,2020-03-04,-13.0,-5.0
7490.0,US,2020-02-29,68.0,1.0,331002.647,36.1853557615153,9147419.999999993,0.02054364235945219,0.00030211238763900276,2020-03-12,2020-03-04,-12.0,-4.0
7491.0,US,2020-03-01,74.0,1.0,331002.647,36.1853557615153,9147419.999999993,0.022356316685286207,0.00030211238763900276,2020-03-12,2020-03-04,-11.0,-3.0
7492.0,US,2020-03-02,98.0,6.0,331002.647,36.1853557615153,9147419.999999993,0.029607013988622272,0.001812674325834017,2020-03-12,2020-03-04,-10.0,-2.0
7493.0,US,2020-03-03,118.0,7.0,331002.647,36.1853557615153,9147419.999999993,0.03564926174140232,0.0021147867134730194,2020-03-12,2020-03-04,-9.0,-1.0
7494.0,US,2020-03-04,149.0,11.0,331002.647,36.1853557615153,9147419.999999993,0.04501474575821141,0.0033232362640290302,2020-03-12,2020-03-04,-8.0,0.0
7495.0,US,2020-03-05,217.0,12.0,331002.647,36.1853557615153,9147419.999999993,0.06555838811766361,0.003625348651668034,2020-03-12,2020-03-04,-7.0,1.0
7496.0,US,2020-03-06,262.0,14.0,331002.647,36.1853557615153,9147419.999999993,0.07915344556141873,0.004229573426946039,2020-03-12,2020-03-04,-6.0,2.0
7497.0,US,2020-03-07,402.0,17.0,331002.647,36.1853557615153,9147419.999999993,0.1214491798308791,0.005135910589863048,2020-03-12,2020-03-04,-5.0,3.0
7498.0,US,2020-03-08,518.0,21.0,331002.647,36.1853557615153,9147419.999999993,0.15649421679700343,0.006344360140419059,2020-03-12,2020-03-04,-4.0,4.0
7499.0,US,2020-03-09,583.0,22.0,331002.647,36.1853557615153,9147419.999999993,0.17613152199353863,0.0066464725280580604,2020-03-12,2020-03-04,-3.0,5.0
7500.0,US,2020-03-10,959.0,28.0,331002.647,36.1853557615153,9147419.999999993,0.28972577974580366,0.008459146853892078,2020-03-12,2020-03-04,-2.0,6.0
7501.0,US,2020-03-11,1281.0,36.0,331002.647,36.1853557615153,9147419.999999993,0.3870059685655626,0.010876045955004101,2020-03-12,2020-03-04,-1.0,7.0
7502.0,US,2020-03-12,1663.0,40.0,331002.647,36.1853557615153,9147419.999999993,0.5024129006436616,0.012084495505560112,2020-03-12,2020-03-04,0.0,8.0
7503.0,US,2020-03-13,2179.0,47.0,331002.647,36.1853557615153,9147419.999999993,0.658302892665387,0.014199282219033129,2020-03-12,2020-03-04,1.0,9.0
7504.0,US,2020-03-14,2727.0,54.0,331002.647,36.1853557615153,9147419.999999993,0.8238604810915605,0.01631406893250615,2020-03-12,2020-03-04,2.0,10.0
7505.0,US,2020-03-15,3499.0,63.0,331002.647,36.1853557615153,9147419.999999993,1.0570912443488707,0.019033080421257176,2020-03-12,2020-03-04,3.0,11.0
7614.0,United Kingdom,2020-01-22,0.0,0.0,67886.004,280.601843508453,241929.99999999988,0.0,0.0,2020-03-10,2020-03-14,-48.0,-52.0
7615.0,United Kingdom,2020-01-23,0.0,0.0,67886.004,280.601843508453,241929.99999999988,0.0,0.0,2020-03-10,2020-03-14,-47.0,-51.0
7616.0,United Kingdom,2020-01-24,0.0,0.0,67886.004,280.601843508453,241929.99999999988,0.0,0.0,2020-03-10,2020-03-14,-46.0,-50.0
7617.0,United Kingdom,2020-01-25,0.0,0.0,67886.004,280.601843508453,241929.99999999988,0.0,0.0,2020-03-10,2020-03-14,-45.0,-49.0
7618.0,United Kingdom,2020-01-26,0.0,0.0,67886.004,280.601843508453,241929.99999999988,0.0,0.0,2020-03-10,2020-03-14,-44.0,-48.0
7619.0,United Kingdom,2020-01-27,0.0,0.0,67886.004,280.601843508453,241929.99999999988,0.0,0.0,2020-03-10,2020-03-14,-43.0,-47.0
7620.0,United Kingdom,2020-01-28,0.0,0.0,67886.004,280.601843508453,241929.99999999988,0.0,0.0,2020-03-10,2020-03-14,-42.0,-46.0
7621.0,United Kingdom,2020-01-29,0.0,0.0,67886.004,280.601843508453,241929.99999999988,0.0,0.0,2020-03-10,2020-03-14,-41.0,-45.0
7622.0,United Kingdom,2020-01-30,0.0,0.0,67886.004,280.601843508453,241929.99999999988,0.0,0.0,2020-03-10,2020-03-14,-40.0,-44.0
7623.0,United Kingdom,2020-01-31,2.0,0.0,67886.004,280.601843508453,241929.99999999988,0.0029461153730598135,0.0,2020-03-10,2020-03-14,-39.0,-43.0
7624.0,United Kingdom,2020-02-01,2.0,0.0,67886.004,280.601843508453,241929.99999999988,0.0029461153730598135,0.0,2020-03-10,2020-03-14,-38.0,-42.0
7625.0,United Kingdom,2020-02-02,2.0,0.0,67886.004,280.601843508453,241929.99999999988,0.0029461153730598135,0.0,2020-03-10,2020-03-14,-37.0,-41.0
7626.0,United Kingdom,2020-02-03,2.0,0.0,67886.004,280.601843508453,241929.99999999988,0.0029461153730598135,0.0,2020-03-10,2020-03-14,-36.0,-40.0
7627.0,United Kingdom,2020-02-04,2.0,0.0,67886.004,280.601843508453,241929.99999999988,0.0029461153730598135,0.0,2020-03-10,2020-03-14,-35.0,-39.0
7628.0,United Kingdom,2020-02-05,2.0,0.0,67886.004,280.601843508453,241929.99999999988,0.0029461153730598135,0.0,2020-03-10,2020-03-14,-34.0,-38.0
7629.0,United Kingdom,2020-02-06,2.0,0.0,67886.004,280.601843508453,241929.99999999988,0.0029461153730598135,0.0,2020-03-10,2020-03-14,-33.0,-37.0
7630.0,United Kingdom,2020-02-07,3.0,0.0,67886.004,280.601843508453,241929.99999999988,0.0044191730595897205,0.0,2020-03-10,2020-03-14,-32.0,-36.0
7631.0,United Kingdom,2020-02-08,3.0,0.0,67886.004,280.601843508453,241929.99999999988,0.0044191730595897205,0.0,2020-03-10,2020-03-14,-31.0,-35.0
7632.0,United Kingdom,2020-02-09,3.0,0.0,67886.004,280.601843508453,241929.99999999988,0.0044191730595897205,0.0,2020-03-10,2020-03-14,-30.0,-34.0
7633.0,United Kingdom,2020-02-10,8.0,0.0,67886.004,280.601843508453,241929.99999999988,0.011784461492239254,0.0,2020-03-10,2020-03-14,-29.0,-33.0
7634.0,United Kingdom,2020-02-11,8.0,0.0,67886.004,280.601843508453,241929.99999999988,0.011784461492239254,0.0,2020-03-10,2020-03-14,-28.0,-32.0
7635.0,United Kingdom,2020-02-12,9.0,0.0,67886.004,280.601843508453,241929.99999999988,0.013257519178769162,0.0,2020-03-10,2020-03-14,-27.0,-31.0
7636.0,United Kingdom,2020-02-13,9.0,0.0,67886.004,280.601843508453,241929.99999999988,0.013257519178769162,0.0,2020-03-10,2020-03-14,-26.0,-30.0
7637.0,United Kingdom,2020-02-14,9.0,0.0,67886.004,280.601843508453,241929.99999999988,0.013257519178769162,0.0,2020-03-10,2020-03-14,-25.0,-29.0
7638.0,United Kingdom,2020-02-15,9.0,0.0,67886.004,280.601843508453,241929.99999999988,0.013257519178769162,0.0,2020-03-10,2020-03-14,-24.0,-28.0
7639.0,United Kingdom,2020-02-16,9.0,0.0,67886.004,280.601843508453,241929.99999999988,0.013257519178769162,0.0,2020-03-10,2020-03-14,-23.0,-27.0
7640.0,United Kingdom,2020-02-17,9.0,0.0,67886.004,280.601843508453,241929.99999999988,0.013257519178769162,0.0,2020-03-10,2020-03-14,-22.0,-26.0
7641.0,United Kingdom,2020-02-18,9.0,0.0,67886.004,280.601843508453,241929.99999999988,0.013257519178769162,0.0,2020-03-10,2020-03-14,-21.0,-25.0
7642.0,United Kingdom,2020-02-19,9.0,0.0,67886.004,280.601843508453,241929.99999999988,0.013257519178769162,0.0,2020-03-10,2020-03-14,-20.0,-24.0
7643.0,United Kingdom,2020-02-20,9.0,0.0,67886.004,280.601843508453,241929.99999999988,0.013257519178769162,0.0,2020-03-10,2020-03-14,-19.0,-23.0
7644.0,United Kingdom,2020-02-21,9.0,0.0,67886.004,280.601843508453,241929.99999999988,0.013257519178769162,0.0,2020-03-10,2020-03-14,-18.0,-22.0
7645.0,United Kingdom,2020-02-22,9.0,0.0,67886.004,280.601843508453,241929.99999999988,0.013257519178769162,0.0,2020-03-10,2020-03-14,-17.0,-21.0
7646.0,United Kingdom,2020-02-23,9.0,0.0,67886.004,280.601843508453,241929.99999999988,0.013257519178769162,0.0,2020-03-10,2020-03-14,-16.0,-20.0
7647.0,United Kingdom,2020-02-24,13.0,0.0,67886.004,280.601843508453,241929.99999999988,0.019149749924888788,0.0,2020-03-10,2020-03-14,-15.0,-19.0
7648.0,United Kingdom,2020-02-25,13.0,0.0,67886.004,280.601843508453,241929.99999999988,0.019149749924888788,0.0,2020-03-10,2020-03-14,-14.0,-18.0
7649.0,United Kingdom,2020-02-26,13.0,0.0,67886.004,280.601843508453,241929.99999999988,0.019149749924888788,0.0,2020-03-10,2020-03-14,-13.0,-17.0
7650.0,United Kingdom,2020-02-27,15.0,0.0,67886.004,280.601843508453,241929.99999999988,0.022095865297948603,0.0,2020-03-10,2020-03-14,-12.0,-16.0
7651.0,United Kingdom,2020-02-28,20.0,0.0,67886.004,280.601843508453,241929.99999999988,0.029461153730598134,0.0,2020-03-10,2020-03-14,-11.0,-15.0
7652.0,United Kingdom,2020-02-29,23.0,0.0,67886.004,280.601843508453,241929.99999999988,0.033880326790187855,0.0,2020-03-10,2020-03-14,-10.0,-14.0
7653.0,United Kingdom,2020-03-01,36.0,0.0,67886.004,280.601843508453,241929.99999999988,0.053030076715076646,0.0,2020-03-10,2020-03-14,-9.0,-13.0
7654.0,United Kingdom,2020-03-02,40.0,0.0,67886.004,280.601843508453,241929.99999999988,0.05892230746119627,0.0,2020-03-10,2020-03-14,-8.0,-12.0
7655.0,United Kingdom,2020-03-03,51.0,0.0,67886.004,280.601843508453,241929.99999999988,0.07512594201302525,0.0,2020-03-10,2020-03-14,-7.0,-11.0
7656.0,United Kingdom,2020-03-04,86.0,0.0,67886.004,280.601843508453,241929.99999999988,0.12668296104157198,0.0,2020-03-10,2020-03-14,-6.0,-10.0
7657.0,United Kingdom,2020-03-05,116.0,1.0,67886.004,280.601843508453,241929.99999999988,0.1708746916374692,0.0014730576865299068,2020-03-10,2020-03-14,-5.0,-9.0
7658.0,United Kingdom,2020-03-06,164.0,2.0,67886.004,280.601843508453,241929.99999999988,0.24158146059090468,0.0029461153730598135,2020-03-10,2020-03-14,-4.0,-8.0
7659.0,United Kingdom,2020-03-07,207.0,2.0,67886.004,280.601843508453,241929.99999999988,0.3049229411116907,0.0029461153730598135,2020-03-10,2020-03-14,-3.0,-7.0
7660.0,United Kingdom,2020-03-08,274.0,3.0,67886.004,280.601843508453,241929.99999999988,0.40361780610919445,0.0044191730595897205,2020-03-10,2020-03-14,-2.0,-6.0
7661.0,United Kingdom,2020-03-09,322.0,4.0,67886.004,280.601843508453,241929.99999999988,0.47432457506263,0.005892230746119627,2020-03-10,2020-03-14,-1.0,-5.0
7662.0,United Kingdom,2020-03-10,384.0,6.0,67886.004,280.601843508453,241929.99999999988,0.5656541516274842,0.008838346119179441,2020-03-10,2020-03-14,0.0,-4.0
7663.0,United Kingdom,2020-03-11,459.0,8.0,67886.004,280.601843508453,241929.99999999988,0.6761334781172272,0.011784461492239254,2020-03-10,2020-03-14,1.0,-3.0
7664.0,United Kingdom,2020-03-12,459.0,8.0,67886.004,280.601843508453,241929.99999999988,0.6761334781172272,0.011784461492239254,2020-03-10,2020-03-14,2.0,-2.0
7665.0,United Kingdom,2020-03-13,801.0,8.0,67886.004,280.601843508453,241929.99999999988,1.1799192069104554,0.011784461492239254,2020-03-10,2020-03-14,3.0,-1.0
7666.0,United Kingdom,2020-03-14,1143.0,21.0,67886.004,280.601843508453,241929.99999999988,1.6837049357036833,0.030934211417128044,2020-03-10,2020-03-14,4.0,0.0
7667.0,United Kingdom,2020-03-15,1144.0,21.0,67886.004,280.601843508453,241929.99999999988,1.6851779933902133,0.030934211417128044,2020-03-10,2020-03-14,5.0,1.0
,Philippines,,,,,,,,,,2020-03-15,,
